coral_number,site,habitat,transect,taxa,x,y,z,L23,W23,H23,Dyn23,L24,W24,H24,Notes_2024
2,LTER1,BR,P01,Por,0.4,95,10,10,10,10.5,Shrinkage,NA,NA,NA,NA
4,LTER1,BR,P01,Poc,0.9,15,30,3.5,3.2,3.3,Recruitment,NA,NA,NA,NA
16,LTER1,BR,P01,Poc,1.52,35,30,2.3,1.7,1.2,Recruitment,NA,NA,NA,NA
19,LTER1,BR,P01,Poc,1.7,9,13,4.2,3.2,3.2,Recruitment,NA,NA,NA,NA
24,LTER1,BR,P01,Poc,1.77,11,13,3.7,2.3,3.2,Recruitment,NA,NA,NA,NA
25,LTER1,BR,P01,Poc,1.8,8,8,2.8,2.6,2.6,Recruitment,NA,NA,NA,NA
26,LTER1,BR,P01,Poc,1.8,26,18,1.6,1,1.2,Recruitment,NA,NA,NA,NA
27,LTER1,BR,P01,Poc,1.85,23,16,2.6,2.1,2.4,Recruitment,NA,NA,NA,NA
30,LTER1,BR,P01,Poc,2,40,0,20.7,16.5,12,Shrinkage,NA,NA,NA,NA
34,LTER1,BR,P01,Por,2.25,65,40,75.7,45,80,Growth,NA,NA,NA,NA
35,LTER1,BR,P01,Por,2.3,36,10,8.3,7.8,8.3,Growth,NA,NA,NA,NA
46,LTER1,BR,P01,Poc,3.28,63,64,5.3,3.8,4.7,Recruitment,NA,NA,NA,NA
68,LTER1,BR,P01,Acr,6.38,84,22,3,3.3,1.1,Recruitment,NA,NA,NA,NA
70,LTER1,BR,P01,Por,6.53,24,13,41.7,35.8,22.3,Growth,NA,NA,NA,NA
75,LTER1,BR,P01,Poc,7.2,50,20,44,30.8,24.3,Shrinkage,NA,NA,NA,NA
80,LTER1,BR,P01,Poc,7.39,76,55,2.8,1.8,2.3,Recruitment,NA,NA,NA,NA
81,LTER1,BR,P01,Poc,7.4,73,50,4.1,2.6,2.5,Recruitment,NA,NA,NA,NA
82,LTER1,BR,P01,Poc,7.5,50,50,4.3,2.8,4,Recruitment,NA,NA,NA,NA
83,LTER1,BR,P01,Poc,7.55,72,28,4,2.5,2.2,Recruitment,NA,NA,NA,NA
86,LTER1,BR,P01,Poc,8.25,20,30,4.7,3.7,5.1,Recruitment,NA,NA,NA,NA
87,LTER1,BR,P01,Por,8.4,75,50,90.4,66,32.3,Missing Data,NA,NA,NA,NA
94,LTER1,BR,P01,Acr,9.15,93,80,5,4,4.2,Recruitment,NA,NA,NA,NA
97,LTER1,BR,P01,Poc,9.77,29,36,1.6,1.8,2,Recruitment,NA,NA,NA,NA
98,LTER1,BR,P01,Poc,9.77,25,40,4.1,4,4,Recruitment,NA,NA,NA,NA
101,LTER1,BR,P10,Por,0.1,90,30,60,55,50,Growth,NA,NA,NA,NA
108,LTER1,BR,P02,Por,0.35,82,10,118,48,46,Growth,NA,NA,NA,NA
110,LTER1,BR,P02,Poc,0.55,2,2,3.2,3.2,2,Recruitment,NA,NA,NA,NA
111,LTER1,BR,P02,Poc,0.55,52,50,1,1,1,Recruitment,NA,NA,NA,NA
113,LTER1,BR,P02,Poc,0.59,48,50,2,2,2,Recruitment,NA,NA,NA,NA
115,LTER1,BR,P02,Acr,0.6,10,10,3,4,1,Recruitment,NA,NA,NA,NA
118,LTER1,BR,P02,Poc,0.9,30,10,5.3,4,4,Growth,NA,NA,NA,NA
120,LTER1,BR,P02,Poc,0.95,19,15,22.1,19.5,15.5,NA,NA,NA,NA,NA
122,LTER1,BR,P02,Poc,0.98,30,10,4,2,3,Recruitment,NA,NA,NA,NA
123,LTER1,BR,P02,Poc,1,50,20,2.8,2.8,2,Recruitment,NA,NA,NA,NA
132,LTER1,BR,P02,Poc,1.3,30,10,2.1,1.5,1,Recruitment,NA,NA,NA,NA
133,LTER1,BR,P02,Poc,1.3,60,66,17.9,19,22,Growth,NA,NA,NA,NA
147,LTER1,BR,P02,Poc,1.5,80,72,3,3,3,NA,NA,NA,NA,NA
148,LTER1,BR,P02,Poc,1.5,80,70,22.5,17.5,17,Growth,NA,NA,NA,NA
161,LTER1,BR,P02,Poc,1.7,55,60,14,12.5,13.5,Growth,NA,NA,NA,NA
164,LTER1,BR,P02,Poc,1.8,57,135,7.4,7,3,Growth,NA,NA,NA,NA
167,LTER1,BR,P02,Poc,1.85,73,150,3.5,3.5,3.5,Growth,NA,NA,NA,NA
171,LTER1,BR,P02,Poc,2.11,60,50,2,2,1,Recruitment,NA,NA,NA,NA
181,LTER1,BR,P02,Poc,3.25,10,20,3,2,3,Recruitment,NA,NA,NA,NA
182,LTER1,BR,P02,Poc,3.65,50,70,3.5,2.5,2,NA,NA,NA,NA,NA
188,LTER1,BR,P02,Poc,3.15,70,20,1,1,1,Recruitment,NA,NA,NA,NA
194,LTER1,BR,P02,Acr,3.53,89,17,10.5,10.5,8.5,Shrinkage,NA,NA,NA,NA
197,LTER1,BR,P02,Poc,3.8,60,20,3.8,3,3,Shrinkage,NA,NA,NA,NA
208,LTER1,BR,P02,Poc,4,77,50,3.5,3,2.5,NA,NA,NA,NA,NA
219,LTER1,BR,P02,Poc,4.7,70,20,1,1,1,Recruitment,NA,NA,NA,NA
226,LTER1,BR,P02,Acr,6.3,30,2,9,8.199999999999998,0,Missing Data,NA,NA,NA,NA
232,LTER1,BR,P02,Poc,7.11,70,20,2,2,2,Recruitment,NA,NA,NA,NA
234,LTER1,BR,P02,Poc,7.25,50,50,1,1,1,Recruitment,NA,NA,NA,NA
235,LTER1,BR,P02,Por,8.05,27,0,128,47,48,Growth,NA,NA,NA,NA
238,LTER1,BR,P02,Poc,9.1,92,10,18,18,14,Shrinkage,NA,NA,NA,NA
241,LTER1,BR,P02,Acr,9.2,50,70,4,4,2,Recruitment,NA,NA,NA,NA
242,LTER1,BR,P02,Poc,9.25,10,50,3,2,2,Recruitment,NA,NA,NA,NA
246,LTER1,BR,P03,Por,0,10,20,69,41.2,58.5,Growth,NA,NA,NA,NA
249,LTER1,BR,P03,Poc,1.15,0,45,4.4,3.7,3.5,Recruitment,NA,NA,NA,NA
251,LTER1,BR,P03,Poc,1.2,96,20,20.4,12.7,21.4,Shrinkage,NA,NA,NA,NA
253,LTER1,BR,P03,Poc,1.5,35,40,4.3,3.1,4.5,Recruitment,NA,NA,NA,NA
264,LTER1,BR,P03,Poc,1.6,36,35,15,9.2,7.3,NA,NA,NA,NA,NA
266,LTER1,BR,P03,Poc,1.85,21,20,5.3,2.8,4.7,Recruitment,NA,NA,NA,NA
267,LTER1,BR,P03,Acr,1.88,50,25,3.7,2.4,2.3,Recruitment,NA,NA,NA,NA
268,LTER1,BR,P03,Poc,1.9,26,23,3.5,8,7.8,Shrinkage,NA,NA,NA,NA
270,LTER1,BR,P03,Poc,2,50,20,16.5,15.7,13.7,Missing Data,NA,NA,NA,NA
274,LTER1,BR,P03,Poc,2.17,70,20,26.7,16.9,14.5,Missing Data,NA,NA,NA,NA
275,LTER1,BR,P03,Poc,2.2,58,30,16.6,15.2,15.8,Shrinkage,NA,NA,NA,NA
276,LTER1,BR,P03,Poc,2.2,80,20,18.3,14.3,12.6,Missing Data,NA,NA,NA,NA
286,LTER1,BR,P03,Poc,2.5,50,15,23.8,22.5,23.4,Growth,NA,NA,NA,NA
291,LTER1,BR,P03,Acr,2.6,28,30,26.4,15.9,13.5,Growth,NA,NA,NA,NA
292,LTER1,BR,P03,Poc,2.6,65,40,2.2,0.5,2.8,Recruitment,NA,NA,NA,NA
293,LTER1,BR,P03,Acr,2.63,73,35,0.6,0.5,0.3,Recruitment,NA,NA,NA,NA
294,LTER1,BR,P03,Poc,2.65,10,25,6.5,8.5,4.5,Missing Data,NA,NA,NA,NA
295,LTER1,BR,P03,Acr,2.65,73,35,2,1,1.8,Recruitment,NA,NA,NA,NA
297,LTER1,BR,P03,Poc,2.65,88,10,25.7,21.5,13.5,Growth,NA,NA,NA,NA
302,LTER1,BR,P03,Acr,2.78,57,20,5.5,5.5,4.9,Growth,NA,NA,NA,NA
305,LTER1,BR,P03,Poc,2.8,12,72,27.7,22,23,NA,NA,NA,NA,NA
308,LTER1,BR,P03,Poc,2.84,57,42,4.9,4.6,3.7,Growth,NA,NA,NA,NA
311,LTER1,BR,P03,Por,2.9,27,0,26.3,20.5,16.6,NA,NA,NA,NA,NA
314,LTER1,BR,P03,Poc,2.92,83,55,18.3,15,15,Growth,NA,NA,NA,NA
321,LTER1,BR,P03,Poc,3.05,70,40,4.9,2.2,3.3,Growth,NA,NA,NA,NA
322,LTER1,BR,P03,Poc,3.05,78,40,26.8,20.5,16.6,Missing Data,NA,NA,NA,NA
324,LTER1,BR,P03,Poc,3.1,14,0,NA,NA,NA,Death,NA,NA,NA,NA
327,LTER1,BR,P03,Poc,3.15,24,2,4,2.4,2.9,Recruitment,NA,NA,NA,NA
328,LTER1,BR,P03,Poc,3.15,55,40,36.1,22,21.1,Growth,NA,NA,NA,NA
329,LTER1,BR,P03,Poc,3.2,4,1,3.3,2.8,2.5,Recruitment,NA,NA,NA,NA
335,LTER1,BR,P03,Poc,3.35,73,40,2.1,1.3,1.7,Recruitment,NA,NA,NA,NA
337,LTER1,BR,P03,Poc,3.36,73,40,3.6,2.9,2.7,Recruitment,NA,NA,NA,NA
339,LTER1,BR,P03,Poc,3.4,40,0,20.7,14.7,9.5,Shrinkage,NA,NA,NA,NA
342,LTER1,BR,P03,Por,3.45,66,35,4.1,3.3,3.7,Recruitment,NA,NA,NA,NA
347,LTER1,BR,P03,Acr,3.5,22,10,8,6,9.3,NA,NA,NA,NA,NA
348,LTER1,BR,P03,Poc,3.52,60,30,2.3,1.5,2.5,Recruitment,NA,NA,NA,NA
350,LTER1,BR,P03,Acr,3.58,11,30,7.1,5.8,6,Missing Data,NA,NA,NA,NA
351,LTER1,BR,P03,Acr,3.62,4,30,3,3,4,Recruitment,NA,NA,NA,NA
353,LTER1,BR,P03,Poc,3.67,37,14,1.5,0.9,1.4,Recruitment,NA,NA,NA,NA
354,LTER1,BR,P03,Poc,3.69,47,10,3.7,3.1,3.7,Recruitment,NA,NA,NA,NA
357,LTER1,BR,P03,Poc,3.71,35,5,1.6,1.4,1.3,Recruitment,NA,NA,NA,NA
381,LTER1,BR,P04,Acr,3.15,35,10,5,6,5,Growth,NA,NA,NA,NA
383,LTER1,BR,P04,Acr,3.4,50,10,5.5,5.5,7,Growth,NA,NA,NA,NA
393,LTER1,BR,P04,Por,8.56,28,15,45.5,16,27,Shrinkage,NA,NA,NA,NA
400,LTER1,BR,P05,Acr,1.35,13,47,10,9.5,9,Shrinkage,NA,NA,NA,NA
401,LTER1,BR,P05,Acr,1.37,70,40,4,4,4,Recruitment,NA,NA,NA,NA
403,LTER1,BR,P05,Acr,1.5,55,10,6.2,4.5,3.2,Growth,NA,NA,NA,NA
406,LTER1,BR,P05,Acr,3.2,50,10,100.8,45,48,Growth,NA,NA,NA,NA
407,LTER1,BR,P05,Acr,6.25,10,30,6.2,4.5,3,Missing Data,NA,NA,NA,NA
410,LTER1,BR,P05,Acr,9.5,75,30,10.8,6.5,6.5,Missing Data,NA,NA,NA,NA
414,LTER1,BR,P05,Acr,1.2,50,0,4,5,8,Missing Data,NA,NA,NA,NA
417,LTER1,BR,P06,Acr,5.5,50,10,2,2,2,Recruitment,NA,NA,NA,NA
418,LTER1,BR,P06,Acr,5.7,90,10,15,9,8,Growth,NA,NA,NA,NA
426,LTER1,BR,P07,Por,1.3,4,50,33.5,28,42,Growth,NA,NA,NA,NA
427,LTER1,BR,P07,Acr,2.1,30,50,7.5,9,5,Missing Data,NA,NA,NA,NA
429,LTER1,BR,P07,Acr,2.25,50,50,8,6.7,5,Growth,NA,NA,NA,NA
432,LTER1,BR,P07,Por,6.2,70,10,38.5,22.5,16.5,Growth,NA,NA,NA,NA
437,LTER1,BR,P07,Acr,9.75,50,10,4.5,3.5,3,Recruitment,NA,NA,NA,NA
440,LTER1,BR,P08,Acr,0.1,80,60,7,6,2.5,Growth,NA,NA,NA,NA
444,LTER1,BR,P08,Por,5.2,80,40,39,25,17.5,Growth,NA,NA,NA,NA
445,LTER1,BR,P08,Por,5.54,90,22,55,43,52,NA,NA,NA,NA,NA
451,LTER1,BR,P09,Por,0.05,50,25,72,40,39,Growth,NA,NA,NA,NA
452,LTER1,BR,P09,Acr,0.35,50,10,4.5,5.5,5,Growth,NA,NA,NA,NA
453,LTER1,BR,P09,Por,4.7,58,32,4.5,4,5,NA,NA,NA,NA,NA
457,LTER1,BR,P09,Acr,7.95,17,80,10.5,8.5,8,Growth,NA,NA,NA,NA
502,LTER1,BR,T01,Poc,0.77,79,21,2,0.9,1.2,Recruitment,NA,NA,NA,NA
510,LTER1,BR,T01,Poc,0.85,72,30,3.3,2.7,2.6,Growth,NA,NA,NA,NA
512,LTER1,BR,T01,Por,0.87,62,0,7.5,5.8,3.6,NA,NA,NA,NA,NA
515,LTER1,BR,T01,Por,0.94,39,5,15.7,10.1,13,Shrinkage,NA,NA,NA,NA
517,LTER1,BR,T01,Por,0.96,22,7,1.9,2.1,2,Recruitment,NA,NA,NA,NA
526,LTER1,BR,T01,Por,1.07,33,13,8.6,7,7,NA,NA,NA,NA,NA
530,LTER1,BR,T01,Por,1.09,53,8,4.9,4.5,5.7,Shrinkage,NA,NA,NA,NA
545,LTER1,BR,T01,Por,1.22,70,0,9.3,6.3,3.9,Growth,NA,NA,NA,NA
547,LTER1,BR,T01,Por,1.25,72,29,12.9,7.6,15.6,Growth,NA,NA,NA,NA
554,LTER1,BR,T01,Por,1.4,78,17,9.9,8.8,10.6,Growth,NA,NA,NA,NA
555,LTER1,BR,T01,Poc,1.4,95,31,2.3,1.8,1.9,Recruitment,NA,NA,NA,NA
566,LTER1,BR,T01,Por,1.51,94,27,5.3,5.1,7.1,NA,NA,NA,NA,NA
571,LTER1,BR,T01,Poc,1.68,80,16,4.2,3.9,4,Growth,NA,NA,NA,NA
572,LTER1,BR,T01,Poc,1.69,91,12,1.6,1,1.2,Recruitment,NA,NA,NA,NA
574,LTER1,BR,T01,Poc,1.72,79,15,3.7,2.8,3.1,Recruitment,NA,NA,NA,NA
575,LTER1,BR,T01,Poc,1.75,74,8,2.8,2.4,2,Recruitment,NA,NA,NA,NA
576,LTER1,BR,T01,Poc,1.75,95,13,2.5,2,2.3,Recruitment,NA,NA,NA,NA
587,LTER1,BR,T01,Por,2.15,95,5,7.1,5.7,6.3,Shrinkage,NA,NA,NA,NA
592,LTER1,BR,T01,Por,2.25,73,13,14.8,7,8,Growth,NA,NA,NA,NA
610,LTER1,BR,T01,Por,2.72,88,8,4.1,4.4,4.3,Recruitment,NA,NA,NA,NA
651,LTER1,BR,T01,Por,3.23,0,15,2.5,2.1,3.3,Recruitment,NA,NA,NA,NA
653,LTER1,BR,T01,Por,3.32,24,15,2.2,2.2,1.6,Recruitment,NA,NA,NA,NA
656,LTER1,BR,T01,Por,3.65,55,40,20,9.3,23.5,Growth,NA,NA,NA,NA
661,LTER1,BR,T01,Por,3.8,24,15,2.2,2.2,1.6,Recruitment,NA,NA,NA,NA
662,LTER1,BR,T01,Por,3.8,28,63,2.3,1.1,1.9,Recruitment,NA,NA,NA,NA
665,LTER1,BR,T01,Por,3.84,22,60,2,1.6,2.4,Recruitment,NA,NA,NA,NA
668,LTER1,BR,T01,Por,3.85,29,63,0.8,0.6,0.6,Recruitment,NA,NA,NA,NA
674,LTER1,BR,T01,Poc,4,40,5,15.1,9.6,9.1,Missing Data,NA,NA,NA,NA
677,LTER1,BR,T01,Poc,4.2,61,40,4,2.8,2.8,Recruitment,NA,NA,NA,NA
687,LTER1,BR,T01,Poc,4.5,50,30,5.5,2.2,4.3,Growth,NA,NA,NA,NA
689,LTER1,BR,T01,Por,4.55,35,25,8.5,6,6.3,Shrinkage,NA,NA,NA,NA
698,LTER1,BR,T01,Por,4.7,6,10,12.5,9,7.8,Growth,NA,NA,NA,NA
699,LTER1,BR,T01,Por,4.7,56,40,4.9,6.3,3.7,Shrinkage,NA,NA,NA,NA
710,LTER1,BR,T02,Poc,0.2,53,10,3.5,3.9,3,Growth,NA,NA,NA,NA
720,LTER1,BR,T02,Poc,0.66,82,15,3.1,1.7,2.7,Recruitment,NA,NA,NA,NA
737,LTER1,BR,T02,Poc,1.45,70,40,11.9,8.3,9.3,Growth,NA,NA,NA,NA
767,LTER1,BR,T02,Acr,2.07,79,85,6,5.5,5.7,Growth,NA,NA,NA,NA
768,LTER1,BR,T02,Por,2.08,60,87,3.3,3.3,2,Recruitment,NA,NA,NA,NA
776,LTER1,BR,T02,Por,2.1,81,85,10.5,4.5,9.2,Growth,NA,NA,NA,NA
784,LTER1,BR,T02,Poc,2.6,93,32,4.4,4.1,4.3,Recruitment,NA,NA,NA,NA
787,LTER1,BR,T02,Acr,2.68,14,85,8.4,4.6,9.2,Growth,NA,NA,NA,NA
792,LTER1,BR,T02,Por,3.08,65,60,8.3,8.5,9.3,Missing Data,NA,NA,NA,NA
797,LTER1,BR,T02,Por,3.16,29,40,6.5,3.1,7.1,Growth,NA,NA,NA,NA
809,LTER1,BR,T02,Por,3.4,0,55,8.4,5.6,7,Growth,NA,NA,NA,NA
815,LTER1,BR,T02,Poc,3.75,75,40,5.3,4.2,4.4,Growth,NA,NA,NA,NA
817,LTER1,BR,T02,Por,3.9,15,15,18.5,7.7,17.7,Shrinkage,NA,NA,NA,NA
822,LTER1,BR,T02,Por,3.96,6,40,15,9.5,14.3,NA,NA,NA,NA,NA
827,LTER1,BR,T02,Por,4.05,16,40,5.1,4.2,7.6,Shrinkage,NA,NA,NA,NA
837,LTER1,BR,T02,Poc,4.25,7,45,3,3.3,2.3,Shrinkage,NA,NA,NA,NA
846,LTER1,BR,T03,Acr,0,65,80,5.8,6.5,4,Growth,NA,NA,NA,NA
850,LTER1,BR,T03,Por,0.08,34,34,7.4,7.5,4.6,Shrinkage,NA,NA,NA,NA
853,LTER1,BR,T03,Por,0.13,66,30,2.2,0.9,0.1,Shrinkage,NA,NA,NA,NA
855,LTER1,BR,T03,Poc,0.17,30,30,1.8,1.7,0.5,Recruitment,NA,NA,NA,NA
858,LTER1,BR,T03,Por,0.3,65,19,20,16.5,6.5,Shrinkage,NA,NA,NA,NA
860,LTER1,BR,T03,Poc,0.35,89,42,4.8,3.5,3.4,Growth,NA,NA,NA,NA
862,LTER1,BR,T03,Poc,0.43,69,20,1,1,1,Recruitment,NA,NA,NA,NA
863,LTER1,BR,T03,Poc,0.49,90,30,1.5,2,1.2,Recruitment,NA,NA,NA,NA
867,LTER1,BR,T03,Por,0.68,81,17,5.7,5.7,3,Growth,NA,NA,NA,NA
871,LTER1,BR,T03,Poc,1.05,73,15,1,1,1,Recruitment,NA,NA,NA,NA
874,LTER1,BR,T03,Por,1.34,24,0,14.7,13.1,11.5,Growth,NA,NA,NA,NA
886,LTER1,BR,T03,Por,2.1,60,12,14.8,10,10,Shrinkage,NA,NA,NA,NA
887,LTER1,BR,T03,Poc,2.1,70,15,4.9,5,6.1,Growth,NA,NA,NA,NA
890,LTER1,BR,T03,Por,2.3,20,32,9.4,6.3,3.3,Shrinkage,NA,NA,NA,NA
893,LTER1,BR,T03,Por,2.38,9,0,32,16.5,9,NA,NA,NA,NA,NA
899,LTER1,BR,T03,Poc,2.5,81,40,3.2,3.2,2.7,Recruitment,NA,NA,NA,NA
916,LTER1,BR,T03,Poc,2.78,1,20,1,1,1,Recruitment,NA,NA,NA,NA
918,LTER1,BR,T03,Poc,2.81,2,30,0.5,0.5,0.5,Recruitment,NA,NA,NA,NA
929,LTER1,BR,T03,Acr,3.15,84,60,6,6,2.4,Growth,NA,NA,NA,NA
934,LTER1,BR,T03,Por,3,1,0,17,16,15.5,NA,NA,NA,NA,NA
940,LTER1,BR,T03,Poc,3.18,92,50,7.9,4.5,5.6,Shrinkage,NA,NA,NA,NA
942,LTER1,BR,T03,Por,3.37,90,80,13,13,7.5,NA,NA,NA,NA,NA
946,LTER1,BR,T03,Poc,3.23,75,60,6.4,5.5,5.5,Missing Data,NA,NA,NA,NA
950,LTER1,BR,T03,Por,3.4,2,10,8.8,6.9,8.3,Growth,NA,NA,NA,NA
960,LTER1,BR,T03,Por,3.75,86,50,22,16.5,19,Growth,NA,NA,NA,NA
972,LTER1,BR,T03,Poc,3.95,20,50,9.3,8.6,5.5,Growth,NA,NA,NA,NA
979,LTER1,BR,T03,Poc,4.04,1,15,1,1,1,Recruitment,NA,NA,NA,NA
983,LTER1,BR,T03,Poc,4.1,5,30,2,3.5,2,Recruitment,NA,NA,NA,NA
989,LTER1,BR,T03,Por,4.6,21,37,25.5,19,7.5,Shrinkage,NA,NA,NA,NA
990,LTER1,BR,T03,Poc,4.6,1,0,5.5,9,5,Missing Data,NA,NA,NA,NA
1000,LTER1,BR,T04,Por,0.05,60,90,5.5,4,1.5,Recruitment,NA,NA,NA,NA
1012,LTER1,BR,T04,Por,0.05,1,30,11.1,7.1,3.2,NA,NA,NA,NA,NA
1014,LTER1,BR,T04,Por,0.5,61,32,16,9.5,12,NA,NA,NA,NA,NA
1016,LTER1,BR,T04,Por,0.5,100,0,11.5,8,4,NA,NA,NA,NA,NA
1031,LTER1,BR,T04,Por,0.79,90,0,8.8,5,5.5,Growth,NA,NA,NA,NA
1047,LTER1,BR,T04,Poc,1.15,30,40,5.3,3.5,2,Growth,NA,NA,NA,NA
1048,LTER1,BR,T04,Poc,1.2,27,40,3,3.2,2.4,Recruitment,NA,NA,NA,NA
1057,LTER1,BR,T04,Por,1.4,49,40,30,16,11.5,Growth,NA,NA,NA,NA
1062,LTER1,BR,T04,Por,1.55,92,25,5,4,5,Growth,NA,NA,NA,NA
1068,LTER1,BR,T04,Por,1.6,60,20,17,17,19,Growth,NA,NA,NA,NA
1087,LTER1,BR,T04,Poc,2,0,23,8.4,6.5,9,Growth,NA,NA,NA,NA
1100,LTER1,BR,T04,Por,2.3,84,23.3,8,7,3.5,NA,NA,NA,NA,NA
1106,LTER1,BR,T04,Poc,2.35,80,30,2.8,2.7,1.5,Recruitment,NA,NA,NA,NA
1113,LTER1,BR,T04,Por,2.4,70,20,3.2,3.7,0.5,NA,NA,NA,NA,NA
1114,LTER1,BR,T04,Por,2.45,70,25,3.8,3,1.8,Shrinkage,NA,NA,NA,NA
1127,LTER1,BR,T04,Por,2.5,90,20,2,2,1.5,Recruitment,NA,NA,NA,NA
1141,LTER1,BR,T04,Poc,2.7,13,30,3.3,3.3,1.7,Growth,NA,NA,NA,NA
1161,LTER1,BR,T04,Por,2.79,62,40,2.2,2.2,1,Recruitment,NA,NA,NA,NA
1168,LTER1,BR,T04,Por,2.8,77,30,4.7,4.2,2.5,Recruitment,NA,NA,NA,NA
1171,LTER1,BR,T04,Por,2.88,63,30,5.2,5.5,0.5,Recruitment,NA,NA,NA,NA
1172,LTER1,BR,T04,Poc,2.89,69,10,2.7,2.7,2,Recruitment,NA,NA,NA,NA
1173,LTER1,BR,T04,Acr,2.9,10,30,8,7,3.8,Growth,NA,NA,NA,NA
1181,LTER1,BR,T04,Por,2.91,5,25,7,3,2,Missing Data,NA,NA,NA,NA
1186,LTER1,BR,T04,Por,3.05,70,0,11.5,7,6,Growth,NA,NA,NA,NA
1190,LTER1,BR,T04,Por,3.45,100,5,19.5,14.5,14.5,Growth,NA,NA,NA,NA
1197,LTER1,BR,T04,Poc,3.83,20,30,1,1,1,Recruitment,NA,NA,NA,NA
1204,LTER1,BR,T04,Por,4.11,1,63,15.5,13.5,7,NA,NA,NA,NA,NA
1211,LTER1,BR,T04,Por,4.46,2,67,28,18,7,NA,NA,NA,NA,NA
1219,LTER1,BR,T04,Por,4.65,26,66,22,18,28.2,Growth,NA,NA,NA,NA
1227,LTER1,BR,T04,Poc,4.85,35,50,2.5,2.2,2,Recruitment,NA,NA,NA,NA
1229,LTER1,BR,T04,Por,4.9,13,60,26.3,17,13,Growth,NA,NA,NA,NA
1232,LTER1,BR,T04,Por,4.92,40,50,22.5,17.5,17.6,Growth,NA,NA,NA,NA
1236,LTER1,BR,T04,Poc,4.99,30,60,6,5,5.1,Missing Data,NA,NA,NA,NA
1247,LTER1,OR,T01,Poc,0.03,85,13,17.4,17.1,12.7,Growth,NA,NA,NA,NA
1346,LTER1,OR,T01,Poc,0.4,83,15,19.4,12.2,13,Growth,NA,NA,NA,NA
1352,LTER1,OR,T07,Poc,0.4,17,13,1.3,0.7,1.1,Recruitment,NA,NA,NA,NA
1353,LTER1,OR,T08,Poc,0.41,15,13,1,0.7,1,Recruitment,NA,NA,NA,NA
1363,LTER1,OR,T04,Poc,0.5,11,13,1.1,0.7,1.3,Recruitment,NA,NA,NA,NA
1376,LTER1,OR,T12,Poc,0.53,28,15,2.5,1.7,2.1,Recruitment,NA,NA,NA,NA
1453,LTER1,OR,T01,Poc,1,3,15,22.2,20.5,19.4,Shrinkage,NA,NA,NA,NA
1483,LTER1,OR,T19,Acr,3.1,0,15,2.1,2.2,2.3,Recruitment,NA,NA,NA,NA
1520,LTER1,OR,T02,Poc,0.3,93,0,1.5,1.7,2,NA,NA,NA,NA,NA
1526,LTER1,OR,T02,Poc,0.35,9,34,13,11.2,10,NA,NA,NA,NA,NA
1585,LTER1,OR,T02,Poc,0.82,47,0,1,1,0.5,Recruitment,NA,NA,NA,NA
1591,LTER1,OR,T02,Poc,0.89,65,11,15.2,11.7,11,NA,NA,NA,NA,NA
1596,LTER1,OR,T02,Poc,0.96,1,8,16,14.7,10.6,NA,NA,NA,NA,NA
1645,LTER1,OR,T04,Poc,0.05,32,4,0.6,0.5,0.6,Recruitment,NA,NA,NA,NA
1821,LTER1,OR,T04,Poc,0.36,66,10,1.4,1,1,Recruitment,NA,NA,NA,NA
1862,LTER1,OR,T04,Por,0.58,50,0,13.8,8.6,8.3,Shrinkage,NA,NA,NA,NA
1863,LTER1,OR,T05,Por,0.58,47,0,4.5,2.1,3.5,Recruitment,NA,NA,NA,NA
1872,LTER1,OR,T05,Por,0.66,21,0,6.7,3.7,2.2,Missing Data,NA,NA,NA,NA
1963,LTER2,BR,P01,Por,0.5,70,150,47.2,25.6,20,Missing Data,NA,NA,NA,NA
1969,LTER2,BR,P01,Por,1.4,10,40,34.8,24,24.9,Missing Data,NA,NA,NA,NA
1978,LTER2,BR,P01,Poc,3.4,50,110,5.3,3.9,4.3,Recruitment,NA,NA,NA,NA
1983,LTER2,BR,P01,Poc,3.65,80,130,1.7,1.6,1.5,Recruitment,NA,NA,NA,NA
1984,LTER2,BR,P01,Poc,3.69,54,105,1.8,1.6,2,Recruitment,NA,NA,NA,NA
1987,LTER2,BR,P01,Poc,4.15,35,130,48.3,38,41.8,Growth,NA,NA,NA,NA
1988,LTER2,BR,P01,Poc,4.4,5,100,3.6,2.8,3.1,Recruitment,NA,NA,NA,NA
1989,LTER2,BR,P01,Poc,4.4,40,140,26.4,21.3,16.8,Growth,NA,NA,NA,NA
1992,LTER2,BR,P01,Poc,4.5,35,130,31.8,32.3,18.4,Growth,NA,NA,NA,NA
1993,LTER2,BR,P01,Poc,4.55,25,100,2.5,1.7,2.2,Recruitment,NA,NA,NA,NA
1998,LTER2,BR,P01,Poc,4.9,5,135,23.5,17.8,15,Missing Data,NA,NA,NA,NA
2002,LTER2,BR,P01,Poc,5.16,82,100,1.3,1.1,1.5,Recruitment,NA,NA,NA,NA
2003,LTER2,BR,P01,Poc,5.2,20,135,21.5,14.8,12,Missing Data,NA,NA,NA,NA
2006,LTER2,BR,P01,Acr,5.55,40,125,6.3,5.6,4.7,Missing Data,NA,NA,NA,NA
2007,LTER2,BR,P01,Por,5.6,65,100,14.8,9.3,22,Shrinkage,NA,NA,NA,NA
2009,LTER2,BR,P01,Por,5.8,50,50,84.7,25.3,72.59999999999998,Growth,NA,NA,NA,NA
2012,LTER2,BR,P01,Poc,7,88,60,6.6,5.1,6.8,Missing Data,NA,NA,NA,NA
2020,LTER2,BR,P01,Poc,9.64,0,60,3,2,1.7,Recruitment,NA,NA,NA,NA
2021,LTER2,BR,P01,Por,10,90,40,17.6,22,17.4,Shrinkage,NA,NA,NA,NA
2022,LTER2,BR,P10,Acr,0.67,100,40,6,4.5,7.2,Shrinkage,NA,NA,NA,NA
2023,LTER2,BR,P10,Por,1,5,40,29.5,45,33.7,Growth,NA,NA,NA,NA
2025,LTER2,BR,P10,Acr,1.1,80,80,4.8,4.8,5.7,Growth,NA,NA,NA,NA
2026,LTER2,BR,P10,Acr,1.3,70,30,32.8,32.3,5.7,Growth,NA,NA,NA,NA
2029,LTER2,BR,P10,Por,1.55,25,40,32.4,19.7,23.5,Growth,NA,NA,NA,NA
2035,LTER2,BR,P10,Por,5.6,85,73,25.3,18.7,39.7,Shrinkage,NA,NA,NA,NA
2036,LTER2,BR,P10,Por,6.05,65,50,42.7,27.5,48.2,Growth,NA,NA,NA,NA
2041,LTER2,BR,P02,Poc,0.48,63,150,2,1,2,NA,NA,NA,NA,NA
2042,LTER2,BR,P02,Poc,0.53,47,145,15,12,11,NA,NA,NA,NA,NA
2043,LTER2,BR,P02,Poc,0.6,35,80,10,9,9,Growth,NA,NA,NA,NA
2045,LTER2,BR,P02,Acr,0.8,60,8,2,2,2,Recruitment,NA,NA,NA,NA
2047,LTER2,BR,P02,Por,0.95,90,100,29,9,24,NA,NA,NA,NA,NA
2048,LTER2,BR,P02,Acr,1.07,58,60,26,21,8,NA,NA,NA,NA,NA
2051,LTER2,BR,P02,Por,1.2,36,90,71,19,50,NA,NA,NA,NA,NA
2052,LTER2,BR,P02,Poc,1.53,30,20,17,17,11.5,NA,NA,NA,NA,NA
2056,LTER2,BR,P02,Poc,3.1,25,50,8,8,5,Growth,NA,NA,NA,NA
2062,LTER2,BR,P02,Poc,3.5,35,40,2,2,2,Recruitment,NA,NA,NA,NA
2065,LTER2,BR,P02,Poc,3.85,63,100,39,38,21.4,NA,NA,NA,NA,NA
2066,LTER2,BR,P02,Poc,4.1,70,120,14,11,10,NA,NA,NA,NA,NA
2071,LTER2,BR,P02,Poc,4.7,30,160,15,14.7,NA,NA,NA,NA,NA,NA
2073,LTER2,BR,P02,Por,5.15,20,30,41,34,44.4,NA,NA,NA,NA,NA
2075,LTER2,BR,P02,Por,5.6,80,30,51,33,65,NA,NA,NA,NA,NA
2077,LTER2,BR,P02,Poc,6.1,98,50,40.5,19.5,16.3,NA,NA,NA,NA,NA
2078,LTER2,BR,P02,Poc,6.4,35,50,44.7,27,49,NA,NA,NA,NA,NA
2081,LTER2,BR,P02,Poc,7.1,20,90,23,18,14,NA,NA,NA,NA,NA
2082,LTER2,BR,P02,Por,7.1,70,50,26,31,31,Missing Data,NA,NA,NA,NA
2083,LTER2,BR,P02,Poc,7.5,12,90,2,3,1,Recruitment,NA,NA,NA,NA
2084,LTER2,BR,P02,Poc,7.6,60,60,1,1,1,Recruitment,NA,NA,NA,NA
2085,LTER2,BR,P02,Acr,7.7,0,80,9,9,12.5,NA,NA,NA,NA,NA
2090,LTER2,BR,P02,Poc,7.95,40,100,NA,NA,NA,NA,NA,NA,NA,NA
2093,LTER2,BR,P02,Poc,8.25,50,60,19.5,11,14,NA,NA,NA,NA,NA
2095,LTER2,BR,P02,Poc,10,60,30,3,3,4,NA,NA,NA,NA,NA
2096,LTER2,BR,P03,Poc,0.2,50,20,NA,NA,NA,Death,NA,NA,NA,NA
2102,LTER2,BR,P03,Poc,0.35,88,30,22,9.9,11.5,NA,NA,NA,NA,NA
2103,LTER2,BR,P03,Poc,0.4,95,30,3,3,4,NA,NA,NA,NA,NA
2109,LTER2,BR,P03,Poc,3.3,30,20,8.6,6,5.3,Shrinkage,NA,NA,NA,NA
2112,LTER2,BR,P03,Poc,3.6,50,50,21,26,18,NA,NA,NA,NA,NA
2114,LTER2,BR,P03,Poc,3.8,40,110,55,39,20,Growth,NA,NA,NA,NA
2117,LTER2,BR,P03,Poc,4,50,70,15,15,7,NA,NA,NA,NA,NA
2119,LTER2,BR,P03,Poc,4.1,40,40,40,24,16,NA,NA,NA,NA,NA
2120,LTER2,BR,P03,Poc,4.2,30,40,11,10,7,Shrinkage,NA,NA,NA,NA
2125,LTER2,BR,P03,Poc,4.8,50,0,15,10,12.3,Shrinkage,NA,NA,NA,NA
2128,LTER2,BR,P03,Por,5.2,50,50,21,15,18.3,Shrinkage,NA,NA,NA,NA
2130,LTER2,BR,P03,Poc,5.7,100,30,44,10.5,8.5,NA,NA,NA,NA,NA
2134,LTER2,BR,P03,Poc,6.9,39,39,33.5,20,19,NA,NA,NA,NA,NA
2135,LTER2,BR,P03,Acr,7.53,50,100,60,31,18,Shrinkage,NA,NA,NA,NA
2139,LTER2,BR,P03,Acr,8.1,40,50,20,16,7.5,Growth,NA,NA,NA,NA
2141,LTER2,BR,P03,Por,9.5,50,30,72,38,56,Shrinkage,NA,NA,NA,NA
2144,LTER2,BR,P04,Por,1.4,90,40,25,15,17,Missing Data,NA,NA,NA,NA
2145,LTER2,BR,P04,Poc,1.45,55,40,1,1,1,Recruitment,NA,NA,NA,NA
2149,LTER2,BR,P04,Poc,2.6,95,20,4,5,2,Recruitment,NA,NA,NA,NA
2150,LTER2,BR,P04,Poc,3.1,50,60,2,2,2,Recruitment,NA,NA,NA,NA
2151,LTER2,BR,P04,Por,3.3,80,50,26,15,19,Growth,NA,NA,NA,NA
2153,LTER2,BR,P04,Acr,7.1,100,60,22.5,15.5,7,Growth,NA,NA,NA,NA
2154,LTER2,BR,P04,Acr,8.1,55,30,6,6,6,Missing Data,NA,NA,NA,NA
2155,LTER2,BR,P04,Acr,8.15,70,30,2,2,2,Recruitment,NA,NA,NA,NA
2156,LTER2,BR,P04,Acr,8.3,72,55,23,16,19,Growth,NA,NA,NA,NA
2157,LTER2,BR,P04,Poc,8.4,40,80,2,2,2,Recruitment,NA,NA,NA,NA
2158,LTER2,BR,P04,Poc,8.45,65,40,2,2,1,Recruitment,NA,NA,NA,NA
2161,LTER2,BR,P04,Por,9.5,50,0,73,40,53,Missing Data,NA,NA,NA,NA
2163,LTER2,BR,P05,Acr,1.8,10,15,48.4,45.9,9.7,Growth,NA,NA,NA,NA
2164,LTER2,BR,P05,Acr,2.25,75,20,NA,NA,NA,NA,NA,NA,NA,NA
2168,LTER2,BR,P05,Poc,2.85,85,30,1,1,1,Recruitment,NA,NA,NA,NA
2174,LTER2,BR,P05,Acr,3.55,60,60,16.5,12,8.1,Growth,NA,NA,NA,NA
2176,LTER2,BR,P05,Por,3.7,10,80,37,20,19,Missing Data,NA,NA,NA,NA
2177,LTER2,BR,P05,Acr,4.09,10,80,1,1,1,Recruitment,NA,NA,NA,NA
2179,LTER2,BR,P05,Acr,5.5,60,10,5,5,5,Recruitment,NA,NA,NA,NA
2182,LTER2,BR,P05,Acr,6.6,100,30,2,2,2,Recruitment,NA,NA,NA,NA
2183,LTER2,BR,P05,Acr,7.1,25,40,1,1,1,Recruitment,NA,NA,NA,NA
2184,LTER2,BR,P05,Acr,7.1,35,40,5,4,2,Recruitment,NA,NA,NA,NA
2186,LTER2,BR,P05,Acr,7.29,49,80,2,2,2,Recruitment,NA,NA,NA,NA
2187,LTER2,BR,P05,Acr,7.3,30,80,2,2,2,Recruitment,NA,NA,NA,NA
2188,LTER2,BR,P05,Acr,7.3,45,80,3,3,3,Recruitment,NA,NA,NA,NA
2190,LTER2,BR,P05,Poc,7.6,30,10,1,1,1,Recruitment,NA,NA,NA,NA
2193,LTER2,BR,P05,Acr,8.5,50,50,2,2,4,Recruitment,NA,NA,NA,NA
2197,LTER2,BR,P06,Por,1.15,40,26,39,50,23,Growth,NA,NA,NA,NA
2201,LTER2,BR,P06,Por,5.6,83,60,45.4,54,24.1,Growth,NA,NA,NA,NA
2212,LTER2,BR,P06,Por,9.5,95,39,45.4,22,23,Shrinkage,NA,NA,NA,NA
2213,LTER2,BR,P06,Por,90,40,NA,51.5,53,24,Missing Data,NA,NA,NA,NA
2214,LTER2,BR,P07,Acr,1.2,30,50,6,7,5.4,Missing Data,NA,NA,NA,NA
2215,LTER2,BR,P07,Por,1.4,100,130,36,34,44,Shrinkage,NA,NA,NA,NA
2218,LTER2,BR,P07,Por,4.1,75,70,35,27,22,Growth,NA,NA,NA,NA
2219,LTER2,BR,P07,Por,6.1,65,45,53,65,57,Shrinkage,NA,NA,NA,NA
2222,LTER2,BR,P07,Por,7.9,50,100,55,40,58,Growth,NA,NA,NA,NA
2223,LTER2,BR,P07,Poc,7.9,60,100,3,4,5,Recruitment,NA,NA,NA,NA
2225,LTER2,BR,P07,Por,8.2,50,30,28,28,18.5,Shrinkage,NA,NA,NA,NA
2228,LTER2,BR,P08,Por,1.6,20,0,69.5,47.3,61.7,Growth,NA,NA,NA,NA
2229,LTER2,BR,P08,Por,3.1,50,70,49.9,28.2,31,Shrinkage,NA,NA,NA,NA
2230,LTER2,BR,P08,Acr,3.4,80,50,12.7,11.5,7.9,Growth,NA,NA,NA,NA
2239,LTER2,BR,P08,Acr,7.4,20,60,14.4,11.7,8.199999999999998,Shrinkage,NA,NA,NA,NA
2243,LTER2,BR,P08,Por,9.15,75,20,28,13.9,28.3,Shrinkage,NA,NA,NA,NA
2244,LTER2,BR,P08,Por,9.8,70,0,36.3,14.7,34.6,Growth,NA,NA,NA,NA
2246,LTER2,BR,P09,Por,2.3,50,70,28.7,19.3,29.7,Growth,NA,NA,NA,NA
2247,LTER2,BR,P09,Acr,3.4,4,26,12.7,11.8,9.2,NA,NA,NA,NA,NA
2249,LTER2,BR,P09,Acr,3.8,10,15,4.7,5.2,5.3,Recruitment,NA,NA,NA,NA
2250,LTER2,BR,P09,Acr,3.9,32,30,26.3,22,24.3,Growth,NA,NA,NA,NA
2251,LTER2,BR,P09,Acr,5.7,50,0,35.5,28.3,8.4,Shrinkage,NA,NA,NA,NA
2254,LTER2,BR,P09,Por,6.1,90,30,22.7,20.3,22.7,Shrinkage,NA,NA,NA,NA
2255,LTER2,BR,P09,Por,7,50,70,32.2,27,38.3,Growth,NA,NA,NA,NA
2257,LTER2,BR,P09,Acr,7.55,5,50,17.4,16.7,9.7,Growth,NA,NA,NA,NA
2261,LTER2,BR,P09,Acr,8.55,63,40,6,1.8,5.2,Missing Data,NA,NA,NA,NA
2263,LTER2,BR,P09,Por,9.1,100,45,33.7,30.6,40.1,Growth,NA,NA,NA,NA
2264,LTER2,BR,P09,Por,9.2,45,55,21,12.4,26.6,Growth,NA,NA,NA,NA
2269,LTER2,BR,T01,Por,0.05,70,130,15.4,7.6,15.3,Growth,NA,NA,NA,NA
2270,LTER2,BR,T01,Por,0.05,80,135,7,4.4,6.7,Shrinkage,NA,NA,NA,NA
2283,LTER2,BR,T01,Por,0.23,46,69,3.7,1.8,2.5,Growth,NA,NA,NA,NA
2288,LTER2,BR,T01,Por,0.26,67,125,8.699999999999998,5.8,8.3,Growth,NA,NA,NA,NA
2295,LTER2,BR,T01,Poc,0.3,73,127,1.7,0.9,1.1,Recruitment,NA,NA,NA,NA
2298,LTER2,BR,T01,Por,0.35,40,65,15.4,8.5,12.9,Growth,NA,NA,NA,NA
2299,LTER2,BR,T01,Por,0.37,74,115,7.8,7.3,13.4,Growth,NA,NA,NA,NA
2300,LTER2,BR,T01,Por,0.37,83,115,8.199999999999998,4.1,13.4,Shrinkage,NA,NA,NA,NA
2302,LTER2,BR,T01,Por,0.39,60,20,15,6.4,10.5,NA,NA,NA,NA,NA
2309,LTER2,BR,T01,Por,0.5,50,30,19.9,13.2,24,Growth,NA,NA,NA,NA
2311,LTER2,BR,T01,Por,0.54,52,68,7.6,6,6.2,NA,NA,NA,NA,NA
2313,LTER2,BR,T01,Por,0.55,60,10,22.7,11.8,15,Shrinkage,NA,NA,NA,NA
2315,LTER2,BR,T01,Por,0.55,95,110,28.4,18.5,25.3,Growth,NA,NA,NA,NA
2319,LTER2,BR,T01,Por,0.61,48,7,5.4,2.5,5.9,NA,NA,NA,NA,NA
2320,LTER2,BR,T01,Por,0.63,52,65,11.5,10.8,14.7,Growth,NA,NA,NA,NA
2328,LTER2,BR,T01,Por,0.8,39,10,1.3,0.7,1.3,Shrinkage,NA,NA,NA,NA
2331,LTER2,BR,T01,Poc,0.8,96,58,13.8,10.2,20.4,NA,NA,NA,NA,NA
2333,LTER2,BR,T01,Por,0.81,61,41,34.7,21.3,26,NA,NA,NA,NA,NA
2337,LTER2,BR,T01,Por,0.89,75,50,10.5,8,12,Growth,NA,NA,NA,NA
2338,LTER2,BR,T01,Por,0.9,100,60,8.699999999999998,8.8,6.3,Shrinkage,NA,NA,NA,NA
2348,LTER2,BR,T01,Por,1.08,20,20,13.3,8.3,11.2,NA,NA,NA,NA,NA
2356,LTER2,BR,T01,Acr,1.35,10,25,7.4,2.2,6.3,Growth,NA,NA,NA,NA
2367,LTER2,BR,T01,Por,1.35,98,15,11.8,11.2,13.5,Growth,NA,NA,NA,NA
2372,LTER2,BR,T01,Por,1.46,26,37,12,11.6,6.5,Growth,NA,NA,NA,NA
2380,LTER2,BR,T01,Por,2.6,73,15,13.4,9.9,18.5,Growth,NA,NA,NA,NA
2411,LTER2,BR,T01,Por,2.75,86,18,2.3,2.2,4.2,Shrinkage,NA,NA,NA,NA
2444,LTER2,BR,T01,Por,2.89,60,95,8.3,5.5,7.1,NA,NA,NA,NA,NA
2446,LTER2,BR,T01,Por,2.9,53,91,2.5,1.7,2.7,Shrinkage,NA,NA,NA,NA
2448,LTER2,BR,T01,Por,2.91,7,64,7.7,3.6,9,Shrinkage,NA,NA,NA,NA
2470,LTER2,BR,T01,Por,3.03,31,126,19.2,16.8,12,NA,NA,NA,NA,NA
2471,LTER2,BR,T01,Acr,3.03,36,130,11,11.4,9.3,Growth,NA,NA,NA,NA
2476,LTER2,BR,T01,Por,3.05,75,124,7.8,7.5,9.1,Shrinkage,NA,NA,NA,NA
2481,LTER2,BR,T01,Por,3.1,26,124,4.8,4.9,7.5,Shrinkage,NA,NA,NA,NA
2489,LTER2,BR,T01,Por,3.17,4,110,1.5,3.9,7.9,NA,NA,NA,NA,NA
2501,LTER2,BR,T01,Por,3.2,100,115,26,7.2,19.3,NA,NA,NA,NA,NA
2504,LTER2,BR,T01,Acr,3.25,0,100,8,4.9,5.8,Shrinkage,NA,NA,NA,NA
2507,LTER2,BR,T01,Por,3.26,40,133,8.3,5.7,9.2,Shrinkage,NA,NA,NA,NA
2510,LTER2,BR,T01,Poc,3.28,47,133,17,11,9.6,Growth,NA,NA,NA,NA
2511,LTER2,BR,T01,Por,3.3,0,80,18.8,15.7,17.1,Growth,NA,NA,NA,NA
2533,LTER2,BR,T01,Por,3.5,28,126,20,13,22.6,Growth,NA,NA,NA,NA
2547,LTER2,BR,T01,Acr,3.6,65,75,12.7,6.9,13.8,Growth,NA,NA,NA,NA
2551,LTER2,BR,T01,Poc,3.7,94,130,47.5,38,38,Growth,NA,NA,NA,NA
2556,LTER2,BR,T01,Por,3.87,19,89,10.7,8.9,10.4,Growth,NA,NA,NA,NA
2562,LTER2,BR,T01,Poc,4.04,35,60,15,10.4,15,Growth,NA,NA,NA,NA
2563,LTER2,BR,T01,Por,4.04,55,98,6.4,6.4,9.7,NA,NA,NA,NA,NA
2574,LTER2,BR,T01,Poc,4.1,95,130,26.2,22.6,19.7,Shrinkage,NA,NA,NA,NA
2584,LTER2,BR,T01,Poc,4.18,74,110,3.5,2.9,3.7,Growth,NA,NA,NA,NA
2592,LTER2,BR,T01,Por,4.24,86,130,4.8,2,3.1,Growth,NA,NA,NA,NA
2594,LTER2,BR,T01,Poc,4.25,68,109,2.7,2.3,2.8,Recruitment,NA,NA,NA,NA
2595,LTER2,BR,T01,Poc,4.25,100,110,4.6,2.1,2.4,Growth,NA,NA,NA,NA
2604,LTER2,BR,T01,Poc,4.32,86,125,3.5,2.5,2.7,Shrinkage,NA,NA,NA,NA
2609,LTER2,BR,T01,Por,4.45,20,98,28.1,13,32.9,Growth,NA,NA,NA,NA
2613,LTER2,BR,T01,Por,4.5,28,98,3.9,3.3,4.3,NA,NA,NA,NA,NA
2615,LTER2,BR,T01,Acr,4.54,50,130,13.4,14.7,13.9,Growth,NA,NA,NA,NA
2616,LTER2,BR,T01,Poc,4.55,63,130,23.2,19.6,12.1,Growth,NA,NA,NA,NA
2618,LTER2,BR,T01,Por,4.57,46,128,14.9,12.2,19,NA,NA,NA,NA,NA
2623,LTER2,BR,T01,Por,4.63,85,134,12.5,4.7,7.5,Shrinkage,NA,NA,NA,NA
2627,LTER2,BR,T01,Por,4.65,60,130,10.3,7.8,11.7,Growth,NA,NA,NA,NA
2632,LTER2,BR,T01,Por,4.75,20,85,16.7,10,19.8,Growth,NA,NA,NA,NA
2633,LTER2,BR,T01,Por,4.75,40,130,11.6,7.6,14,Growth,NA,NA,NA,NA
2634,LTER2,BR,T01,Por,4.75,92,135,15,11.5,15.6,Growth,NA,NA,NA,NA
2644,LTER2,BR,T01,Por,4.85,31,117,13.5,5.6,4.8,NA,NA,NA,NA,NA
2649,LTER2,BR,T01,Por,4.9,39,8,8.5,5.1,4.8,NA,NA,NA,NA,NA
2650,LTER2,BR,T01,Por,4.9,58,125,14.7,11,13.3,Shrinkage,NA,NA,NA,NA
2653,LTER2,BR,T01,Poc,4.92,84,120,20.2,14.8,14.7,NA,NA,NA,NA,NA
2660,LTER2,BR,T01,Por,4.97,34,19,6.5,4.8,7.6,NA,NA,NA,NA,NA
2673,LTER2,BR,T02,Por,0.05,90,87,9.4,6.7,11,NA,NA,NA,NA,NA
2677,LTER2,BR,T02,Poc,0.1,60,15,4.5,4.1,6.3,Shrinkage,NA,NA,NA,NA
2684,LTER2,BR,T02,Por,0.18,40,48,38.9,21.1,51.7,NA,NA,NA,NA,NA
2687,LTER2,BR,T02,Por,0.21,57,30,13.8,11.3,22.7,Growth,NA,NA,NA,NA
2688,LTER2,BR,T02,Por,0.21,66,87,15.3,11.8,22.7,NA,NA,NA,NA,NA
2690,LTER2,BR,T02,Por,0.22,99,28,9.2,5.2,9.2,NA,NA,NA,NA,NA
2691,LTER2,BR,T02,Por,0.22,99,112,20.7,14,27.7,Shrinkage,NA,NA,NA,NA
2692,LTER2,BR,T02,Por,0.23,54,61,15.5,11,24.1,Growth,NA,NA,NA,NA
2702,LTER2,BR,T02,Por,0.25,92,60,20.2,10,18.8,NA,NA,NA,NA,NA
2703,LTER2,BR,T02,Acr,0.25,100,120,6.2,5.2,5.3,Shrinkage,NA,NA,NA,NA
2704,LTER2,BR,T02,Por,0.32,70,47,12.6,5.1,12.6,NA,NA,NA,NA,NA
2705,LTER2,BR,T02,Por,0.55,100,55,86.3,23.1,71,Growth,NA,NA,NA,NA
2713,LTER2,BR,T02,Por,1.1,45,15,5.9,1.8,3.7,Recruitment,NA,NA,NA,NA
2721,LTER2,BR,T02,Por,1.96,15,60,27.5,14.7,34.7,NA,NA,NA,NA,NA
2723,LTER2,BR,T02,Por,2.15,31,40,9.4,7.8,13.4,Growth,NA,NA,NA,NA
2725,LTER2,BR,T02,Poc,2.4,17,70,3.1,2.3,3.3,Growth,NA,NA,NA,NA
2741,LTER2,BR,T02,Por,3.8,40,58,38.1,15,28.3,Growth,NA,NA,NA,NA
2751,LTER2,BR,T02,Por,4,55,85,20.9,19.4,19.4,Growth,NA,NA,NA,NA
2753,LTER2,BR,T02,Por,4.02,77,40,15.9,10.6,25.7,Growth,NA,NA,NA,NA
2756,LTER2,BR,T02,Acr,4.1,0,110,15,12.7,5.7,Growth,NA,NA,NA,NA
2764,LTER2,BR,T02,Poc,4.35,50,110,2.7,2.4,2.2,Growth,NA,NA,NA,NA
2773,LTER2,BR,T02,Por,4.55,0,50,33.4,21.6,17.2,Missing Data,NA,NA,NA,NA
2783,LTER2,BR,T02,Poc,4.78,75,63,18.5,15.8,11,Growth,NA,NA,NA,NA
2788,LTER2,BR,T03,Por,0,10,48,38.9,19.8,16.4,NA,NA,NA,NA,NA
2790,LTER2,BR,T03,Por,0,42,42,40.2,24,23.5,Growth,NA,NA,NA,NA
2792,LTER2,BR,T03,Por,0.1,10,30,31.8,61,49,Growth,NA,NA,NA,NA
2794,LTER2,BR,T03,Por,0.13,35,25,21,15,9.2,NA,NA,NA,NA,NA
2814,LTER2,BR,T03,Por,0.5,22,45,22,11.5,13,NA,NA,NA,NA,NA
2826,LTER2,BR,T03,Por,0.55,90,10,19.8,11.5,14.8,Shrinkage,NA,NA,NA,NA
2845,LTER2,BR,T03,Por,0.7,40,15,3,2,3,NA,NA,NA,NA,NA
2847,LTER2,BR,T03,Por,0.9,53,65,13,3.5,9,NA,NA,NA,NA,NA
2850,LTER2,BR,T03,Por,1,58,60,4.8,4,3.7,Shrinkage,NA,NA,NA,NA
2854,LTER2,BR,T03,Poc,1.14,15,45,42.5,37.2,30,Growth,NA,NA,NA,NA
2863,LTER2,BR,T03,Poc,1.2,80,77,5,5,4,NA,NA,NA,NA,NA
2866,LTER2,BR,T03,Poc,1.35,30,30,17.5,18.5,16,NA,NA,NA,NA,NA
2867,LTER2,BR,T03,Poc,1.43,5,40,3.8,3.7,3,Growth,NA,NA,NA,NA
2878,LTER2,BR,T03,Acr,1.7,60,44,18.3,11,15,Growth,NA,NA,NA,NA
2879,LTER2,BR,T03,Acr,1.7,60,54,42,27.5,22,Shrinkage,NA,NA,NA,NA
2888,LTER2,BR,T03,Poc,2.2,72,35,26.5,21,25.2,Growth,NA,NA,NA,NA
2893,LTER2,BR,T03,Poc,2.49,88,30,27,36,24.5,NA,NA,NA,NA,NA
2897,LTER2,BR,T03,Por,2.85,65,13,9,7.5,2.8,Shrinkage,NA,NA,NA,NA
2905,LTER2,BR,T03,Poc,3.05,95,30,4,4,3,Recruitment,NA,NA,NA,NA
2911,LTER2,BR,T03,Por,3.65,95,23,10.5,9.1,9.8,NA,NA,NA,NA,NA
2919,LTER2,BR,T03,Por,4,15,20,19.1,18.4,29.4,NA,NA,NA,NA,NA
2925,LTER2,BR,T03,Por,4.57,82,31,14.9,18.8,21,NA,NA,NA,NA,NA
2929,LTER2,BR,T03,Poc,4.75,15,30,32,21,33,Growth,NA,NA,NA,NA
2933,LTER2,BR,T03,Poc,4.78,10,50,7,6,5,NA,NA,NA,NA,NA
2942,LTER2,BR,T03,Por,4.86,8,25,14.5,2.1,9.2,NA,NA,NA,NA,NA
2947,LTER2,BR,T03,Por,4.99,50,50,72.5,58.5,52.3,Growth,NA,NA,NA,NA
2953,LTER2,BR,T04,Por,0.08,20,82,22,9.7,13,Growth,NA,NA,NA,NA
2954,LTER2,BR,T04,Por,0.1,34,76,9,6.7,15.2,Shrinkage,NA,NA,NA,NA
2955,LTER2,BR,T04,Por,0.1,60,57,11,5.5,12.1,Shrinkage,NA,NA,NA,NA
2956,LTER2,BR,T04,Por,0.13,73,62,15.2,81,19.3,Growth,NA,NA,NA,NA
2963,LTER2,BR,T04,Por,0.25,10,80,54,29,37,Growth,NA,NA,NA,NA
2971,LTER2,BR,T04,Por,0.38,90,60,25.2,19.3,21.3,Shrinkage,NA,NA,NA,NA
2982,LTER2,BR,T04,Por,0.6,35,57,16.5,14,17,Shrinkage,NA,NA,NA,NA
2983,LTER2,BR,T04,Por,0.6,79,69,24.2,12,40.5,NA,NA,NA,NA,NA
2985,LTER2,BR,T04,Poc,0.67,14,25,26.2,11.3,28.4,Growth,NA,NA,NA,NA
3004,LTER2,BR,T04,Por,0.9,100,3,19,11.9,9.9,Shrinkage,NA,NA,NA,NA
3013,LTER2,BR,T04,Por,1.35,91,26,7.9,3,0.8,NA,NA,NA,NA,NA
3018,LTER2,BR,T04,Por,1.7,50,0,9.2,14,8.1,Shrinkage,NA,NA,NA,NA
3024,LTER2,BR,T04,Por,2.2,43,22,13.5,13,19.3,Shrinkage,NA,NA,NA,NA
3025,LTER2,BR,T04,Por,2.35,95,15,15.3,14.9,25.6,Shrinkage,NA,NA,NA,NA
3031,LTER2,BR,T04,Por,2.6,21,12,65,41,64,Growth,NA,NA,NA,NA
3043,LTER2,BR,T04,Por,3.05,50,40,5.7,6.2,9.2,Shrinkage,NA,NA,NA,NA
3045,LTER2,BR,T04,Por,3.2,67,20,34,14,17.2,NA,NA,NA,NA,NA
3046,LTER2,BR,T04,Acr,3.1,100,80,26.2,18.8,7,Growth,NA,NA,NA,NA
3047,LTER2,BR,T04,Por,3.15,50,85,14.3,9.3,11.1,Shrinkage,NA,NA,NA,NA
3069,LTER2,BR,T04,Acr,4.05,10,10,5,4,10,Missing Data,NA,NA,NA,NA
3070,LTER2,BR,T04,Por,4.14,28,20,40,40,30,Growth,NA,NA,NA,NA
3071,LTER2,BR,T04,Por,4.14,30,18,9.4,6,5,NA,NA,NA,NA,NA
3077,LTER2,BR,T04,Por,4.3,10,10,5,5,5,Growth,NA,NA,NA,NA
3082,LTER2,BR,T04,Por,4.38,21,50,2,2,2,Recruitment,NA,NA,NA,NA
3088,LTER2,BR,T04,Por,4.45,40,30,11,7,1,Missing Data,NA,NA,NA,NA
3092,LTER2,BR,T04,Poc,4.47,11,66,35.6,22.1,57.4,NA,NA,NA,NA,NA
3095,LTER2,BR,T04,Por,4.5,82,35,28,11.7,23.5,Shrinkage,NA,NA,NA,NA
3105,LTER2,BR,T04,Poc,4.7,10,40,3,2,2,Recruitment,NA,NA,NA,NA
3106,LTER2,BR,T04,Por,4.7,17,50,6,5.5,6.5,Growth,NA,NA,NA,NA
3115,LTER2,BR,T04,Poc,4.8,50,30,2,2,1,Recruitment,NA,NA,NA,NA
3131,LTER2,OR,T01,Acr,0.05,35,20,2.5,1.2,0.7,Recruitment,NA,NA,NA,NA
3141,LTER2,OR,T01,Mil,0.14,60,22,3.1,2.2,3,Growth,NA,NA,NA,NA
3142,LTER2,OR,T01,Acr,0.15,68,1,3.1,1.2,1.7,Recruitment,NA,NA,NA,NA
3151,LTER2,OR,T01,Poc,0.23,38,24,22.4,15,15.6,Shrinkage,NA,NA,NA,NA
3161,LTER2,OR,T01,Acr,0.25,68,0,4.3,3.7,3.3,NA,NA,NA,NA,NA
3162,LTER2,OR,T01,Poc,0.28,58,6,18.9,12.5,11.3,Shrinkage,NA,NA,NA,NA
3168,LTER2,OR,T01,Poc,0.37,13,25,5.7,2.5,3.5,Recruitment,NA,NA,NA,NA
3191,LTER2,OR,T01,Mil,0.55,22,16,62.2,51.6,37,NA,NA,NA,NA,NA
3202,LTER2,OR,T01,Por,0.65,100,0,17.8,9.5,11.3,Shrinkage,NA,NA,NA,NA
3203,LTER2,OR,T01,Poc,0.71,21,10,15.3,8.4,7.8,Growth,NA,NA,NA,NA
3217,LTER2,OR,T01,Por,0.82,40,26,4.3,3.5,4.4,Recruitment,NA,NA,NA,NA
3219,LTER2,OR,T01,Poc,0.83,20,15,13.3,10,7.5,Growth,NA,NA,NA,NA
3228,LTER2,OR,T01,Poc,0.92,72,6,5.8,3.7,3.3,Recruitment,NA,NA,NA,NA
3237,LTER2,OR,T01,Poc,1,88,10,17.2,13.2,11.2,Shrinkage,NA,NA,NA,NA
3243,LTER2,OR,T01,Acr,1.1,67,4,3.3,2.6,2.5,Shrinkage,NA,NA,NA,NA
3246,LTER2,OR,T01,Por,1.9,50,0,14.7,10.3,6.7,NA,NA,NA,NA,NA
3250,LTER2,OR,T01,Mil,2.3,29,12,4.8,4.3,5.9,NA,NA,NA,NA,NA
3251,LTER2,OR,T01,Mil,2.38,44,20,15.9,9.6,14.7,Growth,NA,NA,NA,NA
3255,LTER2,OR,T01,Por,2.5,100,0,6.5,3.5,3.7,NA,NA,NA,NA,NA
3256,LTER2,OR,T01,Acr,2.53,46,3,NA,NA,NA,Death,NA,NA,NA,NA
3260,LTER2,OR,T01,Mil,2.8,47,10,17.4,8,15.2,Growth,NA,NA,NA,NA
3272,LTER2,OR,T01,Por,4.88,93,10,20.5,19.3,10.8,Missing Data,NA,NA,NA,NA
3274,LTER2,OR,T02,Acr,0,20,30,13.5,11,6,Growth,NA,NA,NA,NA
3277,LTER2,OR,T02,Poc,0,60,30,17,17.2,10.2,Growth,NA,NA,NA,NA
3282,LTER2,OR,T02,Poc,0.06,16,12,24,24.5,12.5,Growth,NA,NA,NA,NA
3284,LTER2,OR,T02,Poc,0.08,99,15,18,15.6,18.5,Shrinkage,NA,NA,NA,NA
3297,LTER2,OR,T02,Poc,0.29,61,12,16.5,17,14.4,Shrinkage,NA,NA,NA,NA
3298,LTER2,OR,T02,Poc,0.29,75,10,1,1,NA,NA,NA,NA,NA,NA
3313,LTER2,OR,T02,Poc,0.55,35,10,14,16,13.5,Growth,NA,NA,NA,NA
3316,LTER2,OR,T02,Acr,0.72,80,3,28,21.5,23.5,Growth,NA,NA,NA,NA
3330,LTER2,OR,T02,Poc,0.95,75,12,16,14,14,Growth,NA,NA,NA,NA
3350,LTER2,OR,T02,Poc,2.29,77,10,1,1,1,Recruitment,NA,NA,NA,NA
3360,LTER2,OR,T02,Poc,3.75,75,10,2.1,1.5,1,Recruitment,NA,NA,NA,NA
3370,LTER2,OR,T02,Acr,5,60,30,3.2,3,1,Recruitment,NA,NA,NA,NA
3380,LTER2,OR,T03,Poc,0.04,17,1,2,2,NA,NA,NA,NA,NA,NA
3392,LTER2,OR,T03,Poc,0.2,17,9,18.2,13.3,11.3,Shrinkage,NA,NA,NA,NA
3398,LTER2,OR,T03,Poc,0.18,44,7,3.5,2.4,2.1,Recruitment,NA,NA,NA,NA
3404,LTER2,OR,T03,Poc,0.23,73,13,16.8,12.8,12,Missing Data,NA,NA,NA,NA
3410,LTER2,OR,T03,Poc,0.3,88,17,13.4,9,8.5,Missing Data,NA,NA,NA,NA
3434,LTER2,OR,T03,Poc,0.53,5,13,23.8,16,9.7,Missing Data,NA,NA,NA,NA
3437,LTER2,OR,T03,Poc,0.56,28,10,17.6,13.1,12.1,Growth,NA,NA,NA,NA
3481,LTER2,OR,T03,Acr,1.8,12,0,16.1,6.8,4.6,Shrinkage,NA,NA,NA,NA
3482,LTER2,OR,T03,Acr,1.96,45,18,2.2,1.7,1.7,Recruitment,NA,NA,NA,NA
3497,LTER2,OR,T03,Acr,3.57,61,24,3.9,2.2,4,Recruitment,NA,NA,NA,NA
3508,LTER2,OR,T04,Poc,0.03,99,19,33.5,24.4,23.5,Growth,NA,NA,NA,NA
3560,LTER2,OR,T04,Poc,0.7,20,10,1,1,1,Recruitment,NA,NA,NA,NA
3578,LTER2,OR,T04,Poc,0.8,100,17,42,38,31.5,NA,NA,NA,NA,NA
3595,LTER2,OR,T04,Poc,0.9,97,9,22.5,15.5,19.7,NA,NA,NA,NA,NA
3603,LTER2,OR,T04,Por,1.13,90,5,19.5,14.4,12,Growth,NA,NA,NA,NA
3610,LTER2,OR,T04,Poc,2.22,30,10,1.5,1.5,1,Recruitment,NA,NA,NA,NA
3612,LTER2,OR,T04,Poc,2.42,42,10,2,1.5,1,Recruitment,NA,NA,NA,NA
3615,LTER2,OR,T04,Poc,2.6,50,0,2,2,2,Recruitment,NA,NA,NA,NA
3616,LTER2,OR,T04,Poc,2.64,74,10,1,1,1,Recruitment,NA,NA,NA,NA
3619,LTER2,OR,T04,Por,3.25,3,0,9,9,10,Missing Data,NA,NA,NA,NA
3625,LTER2,OR,T04,Poc,4,50,10,2,1,1,Recruitment,NA,NA,NA,NA
3631,LTER2,OR,T04,Por,4.75,45,20,8.9,5.9,7.2,Growth,NA,NA,NA,NA
3743,LTER4,BR,P01,Acr,0.1,1,25,13.5,7.4,9.3,Growth,NA,NA,NA,NA
3746,LTER4,BR,P01,Poc,0.15,5,60,0.8,1.1,1.1,Recruitment,NA,NA,NA,NA
3753,LTER4,BR,P01,Poc,0.4,98,55,7.8,4.5,3.9,Missing Data,NA,NA,NA,NA
3754,LTER4,BR,P01,Poc,0.4,100,12,12,9,8,Growth,NA,NA,NA,NA
3756,LTER4,BR,P01,Poc,0.5,60,10,2.7,2.3,3.6,Recruitment,NA,NA,NA,NA
3757,LTER4,BR,P01,Por,0.6,8,5,18.6,20.5,16.1,Growth,NA,NA,NA,NA
3762,LTER4,BR,P01,Poc,0.8,40,0,23,12.9,13.9,Growth,NA,NA,NA,NA
3770,LTER4,BR,P01,Acr,1.15,15,43,4,0.6,3.5,Recruitment,NA,NA,NA,NA
3771,LTER4,BR,P01,Acr,1.2,10,25,8.5,7.1,1.6,Missing Data,NA,NA,NA,NA
3772,LTER4,BR,P01,Acr,1.2,13,35,7.8,1,8.199999999999998,Missing Data,NA,NA,NA,NA
3774,LTER4,BR,P01,Poc,1.2,100,5,5.8,5,5.1,Recruitment,NA,NA,NA,NA
3777,LTER4,BR,P01,Acr,1.27,27,45,6.3,4,3.6,Growth,NA,NA,NA,NA
3780,LTER4,BR,P01,Acr,1.3,28,50,3.2,2.2,1.3,Recruitment,NA,NA,NA,NA
3781,LTER4,BR,P01,Acr,1.3,30,110,16.9,22,16,Growth,NA,NA,NA,NA
3791,LTER4,BR,P01,Poc,1.5,60,90,1.6,1,1.7,Recruitment,NA,NA,NA,NA
3792,LTER4,BR,P01,Acr,1.55,10,60,4.7,4.4,4.9,Recruitment,NA,NA,NA,NA
3793,LTER4,BR,P01,Poc,1.55,14,60,3.3,2.7,2.4,Recruitment,NA,NA,NA,NA
3798,LTER4,BR,P01,Por,1.7,75,60,9.7,2.9,5.6,Shrinkage,NA,NA,NA,NA
3799,LTER4,BR,P01,Mil,1.78,67,105,12.1,10.8,9.1,Growth,NA,NA,NA,NA
3802,LTER4,BR,P01,Acr,1.83,30,11,16.8,13,8.199999999999998,Shrinkage,NA,NA,NA,NA
3806,LTER4,BR,P01,Poc,2.15,70,75,1.3,1.2,1.5,Recruitment,NA,NA,NA,NA
3811,LTER4,BR,P01,Poc,2.63,78,16,21.4,17.6,21.3,Shrinkage,NA,NA,NA,NA
3816,LTER4,BR,P01,Acr,3.05,30,1,2.8,1.8,1.2,Recruitment,NA,NA,NA,NA
3817,LTER4,BR,P01,Poc,3.05,40,5,3.5,1.6,3.8,Recruitment,NA,NA,NA,NA
3818,LTER4,BR,P01,Poc,3.25,28,0,38.7,38.3,21.4,Growth,NA,NA,NA,NA
3822,LTER4,BR,P01,Poc,3.6,5,20,12.9,10,10.7,Missing Data,NA,NA,NA,NA
3826,LTER4,BR,P01,Acr,3.98,41,5,5.2,2.3,4,Recruitment,NA,NA,NA,NA
3828,LTER4,BR,P01,Poc,4,37,2,3.7,3,2.6,Recruitment,NA,NA,NA,NA
3829,LTER4,BR,P01,Poc,4,80,6,2,1.4,1.5,Recruitment,NA,NA,NA,NA
3832,LTER4,BR,P01,Por,4.5,85,85,26.7,12.5,28,Shrinkage,NA,NA,NA,NA
3833,LTER4,BR,P01,Poc,4.68,43,44,56.7,46.1,41.5,Shrinkage,NA,NA,NA,NA
3836,LTER4,BR,P01,Poc,4.7,64,70,31.5,25,25,Growth,NA,NA,NA,NA
3853,LTER4,BR,P01,Poc,5.48,97,66,48,25,21.3,NA,NA,NA,NA,NA
3854,LTER4,BR,P01,Por,5.5,20,70,124,63,78.5,Growth,NA,NA,NA,NA
3858,LTER4,BR,P01,Acr,5.8,45,50,3.6,4,4.1,Recruitment,NA,NA,NA,NA
3866,LTER4,BR,P01,Por,6,0,40,77.5,71,60,NA,NA,NA,NA,NA
3868,LTER4,BR,P01,Poc,6.16,50,20,16.5,15,16.1,Growth,NA,NA,NA,NA
3870,LTER4,BR,P01,Poc,6.6,60,20,22.8,15.5,13,Shrinkage,NA,NA,NA,NA
3881,LTER4,BR,P01,Por,9.2,90,10,21.1,13.7,22.5,Growth,NA,NA,NA,NA
3882,LTER4,BR,P01,Poc,9.25,73,30,8,5.2,5.6,Shrinkage,NA,NA,NA,NA
3890,LTER4,BR,P01,Acr,9.4,24,24,9,6.3,6.8,NA,NA,NA,NA,NA
3894,LTER4,BR,P01,Poc,9.5,74,61,23.5,11.5,13.8,NA,NA,NA,NA,NA
3899,LTER4,BR,P01,Por,9.73,75,30,25.7,11.2,8.6,"Growth, Edge",NA,NA,NA,NA
3904,LTER4,BR,P01,Acr,9.9,10,30,3.2,3.1,4.3,Growth,NA,NA,NA,NA
3905,LTER4,BR,P01,Acr,9.9,75,50,4.3,4.3,3.5,Growth,NA,NA,NA,NA
3907,LTER4,BR,P10,Por,0.3,50,10,32,23,37,Shrinkage,NA,NA,NA,NA
3913,LTER4,BR,P10,Por,1.25,38,40,NA,NA,NA,NA,NA,NA,NA,NA
3914,LTER4,BR,P10,Por,2.15,52,5,NA,NA,NA,NA,NA,NA,NA,NA
3915,LTER4,BR,P10,Por,3.3,90,0,NA,NA,NA,Death,NA,NA,NA,NA
3916,LTER4,BR,P10,Acr,4.1,55,20,2,2,1,Recruitment,NA,NA,NA,NA
3918,LTER4,BR,P10,Acr,4.13,70,20,1,1,1,Recruitment,NA,NA,NA,NA
3919,LTER4,BR,P10,Por,4.3,42,20,45,36,33,Shrinkage,NA,NA,NA,NA
3920,LTER4,BR,P10,Por,4.8,25,0,43,34.5,33,Shrinkage,NA,NA,NA,NA
3921,LTER4,BR,P10,Poc,5.25,25,70,1,1,2,Recruitment,NA,NA,NA,NA
3922,LTER4,BR,P10,Poc,5.3,25,20,2,2,2,Recruitment,NA,NA,NA,NA
3923,LTER4,BR,P10,Poc,7.15,20,20,1,1,1,Recruitment,NA,NA,NA,NA
3924,LTER4,BR,P10,Acr,7.15,29,20,NA,NA,NA,Death,NA,NA,NA,NA
3925,LTER4,BR,P10,Poc,7.15,45,20,1,1,1,Recruitment,NA,NA,NA,NA
3926,LTER4,BR,P10,Poc,7.15,50,20,2,1,1,Recruitment,NA,NA,NA,NA
3927,LTER4,BR,P10,Por,7.3,50,0,NA,NA,NA,Death,NA,NA,NA,NA
3930,LTER4,BR,P10,Por,7.8,78,0,NA,NA,NA,NA,NA,NA,NA,NA
3931,LTER4,BR,P10,Acr,7.9,75,20,2,1,1,Recruitment,NA,NA,NA,NA
3942,LTER4,BR,P02,Poc,0.65,7,0,12.5,9.8,8.3,Growth,NA,NA,NA,NA
3943,LTER4,BR,P02,Acr,0.65,17,75,3.1,4.8,5.6,Growth,NA,NA,NA,NA
3949,LTER4,BR,P02,Acr,0.72,30,50,3.5,1.7,2,Growth,NA,NA,NA,NA
3957,LTER4,BR,P02,Poc,1,40,50,24,22,15.9,Shrinkage,NA,NA,NA,NA
3963,LTER4,BR,P02,Poc,1.4,5,40,6,4.6,5.6,Growth,NA,NA,NA,NA
3971,LTER4,BR,P02,Por,2,12,50,64,17.2,26.8,Shrinkage,NA,NA,NA,NA
3977,LTER4,BR,P02,Poc,2.3,26,45,5,2.5,3.5,Recruitment,NA,NA,NA,NA
3979,LTER4,BR,P02,Poc,2.55,50,40,23.8,14.8,15.2,Missing Data,NA,NA,NA,NA
3981,LTER4,BR,P02,Acr,3.2,73,8,4.5,2.9,3.3,Recruitment,NA,NA,NA,NA
3993,LTER4,BR,P02,Acr,4.55,85,60,4.5,2.3,2.5,Recruitment,NA,NA,NA,NA
3994,LTER4,BR,P02,Acr,4.55,90,60,6,5,5,Missing Data,NA,NA,NA,NA
4000,LTER4,BR,P02,Poc,4.95,78,65,13.3,9.5,14.4,Growth,NA,NA,NA,NA
4002,LTER4,BR,P02,Poc,5.03,28,65,38,21,22.7,Growth,NA,NA,NA,NA
4003,LTER4,BR,P02,Poc,5.05,90,50,2.4,1.4,3.1,Recruitment,NA,NA,NA,NA
4005,LTER4,BR,P02,Acr,5.1,70,60,3.9,2.7,3,Recruitment,NA,NA,NA,NA
4008,LTER4,BR,P02,Poc,5.2,50,60,24.3,22,20.5,Shrinkage,NA,NA,NA,NA
4009,LTER4,BR,P02,Poc,5.2,95,40,23,16,17.6,Growth,NA,NA,NA,NA
4011,LTER4,BR,P02,Poc,5.27,27,80,14.7,13.7,13.7,Growth,NA,NA,NA,NA
4014,LTER4,BR,P02,Acr,5.4,2.4,80,19.3,12.5,13.5,Growth,NA,NA,NA,NA
4015,LTER4,BR,P02,Acr,5.4,18,10,26.5,17.1,14,Shrinkage,NA,NA,NA,NA
4025,LTER4,BR,P02,Por,5.9,10,40,51.4,45,29,Missing Data,NA,NA,NA,NA
4030,LTER4,BR,P02,Poc,6.85,23,45,20.7,18,10,Shrinkage,NA,NA,NA,NA
4031,LTER4,BR,P02,Acr,6.95,50,5,4.8,2.3,4.2,Recruitment,NA,NA,NA,NA
4035,LTER4,BR,P02,Acr,7.2,20,40,1.3,1.5,1.2,Recruitment,NA,NA,NA,NA
4047,LTER4,BR,P03,Poc,0.6,50,5,3,2.5,2.6,Recruitment,NA,NA,NA,NA
4053,LTER4,BR,P03,Por,1.9,70,20,60,49,25,Missing Data,NA,NA,NA,NA
4057,LTER4,BR,P03,Poc,2.5,35,1,2.2,2,1.4,Recruitment,NA,NA,NA,NA
4064,LTER4,BR,P03,Acr,3.05,55,25,5.3,4,4.8,Recruitment,NA,NA,NA,NA
4068,LTER4,BR,P03,Por,3.1,75,30,33.5,23.6,33.5,Growth,NA,NA,NA,NA
4073,LTER4,BR,P03,Acr,3.6,70,5,3.3,2,1.3,Recruitment,NA,NA,NA,NA
4076,LTER4,BR,P03,Poc,3.75,65,30,15.7,16,19.5,Growth,NA,NA,NA,NA
4080,LTER4,BR,P03,Poc,3.8,80,16,27.4,29,17.2,Growth,NA,NA,NA,NA
4081,LTER4,BR,P03,Poc,3.85,55,10,9.2,5.3,7,Missing Data,NA,NA,NA,NA
4083,LTER4,BR,P03,Acr,3.9,60,20,NA,NA,NA,Death,NA,NA,NA,NA
4100,LTER4,BR,P03,Poc,4.69,45,10,15.6,11,14.6,Growth,NA,NA,NA,NA
4101,LTER4,BR,P03,Poc,4.7,25,70,15,12,12.3,Growth,NA,NA,NA,NA
4104,LTER4,BR,P03,Poc,4.75,16,75,18.7,14.2,14.1,Growth,NA,NA,NA,NA
4105,LTER4,BR,P03,Poc,4.75,30,80,28.2,21.7,13.2,Shrinkage,NA,NA,NA,NA
4106,LTER4,BR,P03,Acr,4.8,40,10,8.8,5.9,5.7,Growth,NA,NA,NA,NA
4108,LTER4,BR,P03,Poc,4.95,55,60,26.7,18,19.8,Shrinkage,NA,NA,NA,NA
4115,LTER4,BR,P03,Por,6,70,45,81.5,59,59,Shrinkage,NA,NA,NA,NA
4116,LTER4,BR,P03,Acr,6.4,50,30,5.1,3,3.3,Shrinkage,NA,NA,NA,NA
4119,LTER4,BR,P03,Acr,7,10,55,4.5,2.2,3.6,Recruitment,NA,NA,NA,NA
4121,LTER4,BR,P03,Acr,7.15,60,45,4.9,4.3,3.6,Recruitment,NA,NA,NA,NA
4122,LTER4,BR,P03,Acr,7.35,70,45,4.7,3.7,1.7,Recruitment,NA,NA,NA,NA
4125,LTER4,BR,P04,Por,0.1,100,40,64,28,23,NA,NA,NA,NA,NA
4126,LTER4,BR,P04,Por,0.2,50,50,42,19,60,NA,NA,NA,NA,NA
4127,LTER4,BR,P04,Acr,0.3,25,20,2,3,3,Recruitment,NA,NA,NA,NA
4128,LTER4,BR,P04,Acr,0.35,80,20,4,4,3,Recruitment,NA,NA,NA,NA
4132,LTER4,BR,P04,Por,2.1,50,0,36,23,23,NA,NA,NA,NA,NA
4134,LTER4,BR,P04,Por,3.3,10,20,35,24,41,NA,NA,NA,NA,NA
4136,LTER4,BR,P04,Por,6,50,10,59,45,44,NA,NA,NA,NA,NA
4137,LTER4,BR,P04,Acr,6.1,1,40,12,9,9,NA,NA,NA,NA,NA
4139,LTER4,BR,P04,Por,9.9,100,0,33,20,11,NA,NA,NA,NA,NA
4141,LTER4,BR,P04,Acr,10,90,1.5,22,12,12,NA,NA,NA,NA,NA
4143,LTER4,BR,P05,Acr,0.9,60,0,1,1,1,Recruitment,NA,NA,NA,NA
4144,LTER4,BR,P05,Por,1.5,28,0,147,25,71.5,NA,NA,NA,NA,NA
4145,LTER4,BR,P05,Poc,1.5,50,0,1,1,1,Recruitment,NA,NA,NA,NA
4146,LTER4,BR,P05,Poc,1.5,51,0,1,1,1,Recruitment,NA,NA,NA,NA
4147,LTER4,BR,P05,Poc,1.5,52,0,1,1,1,Recruitment,NA,NA,NA,NA
4148,LTER4,BR,P05,Poc,1.5,53,0,1,1,1,Recruitment,NA,NA,NA,NA
4149,LTER4,BR,P05,Poc,1.5,54,0,1,1,1,Recruitment,NA,NA,NA,NA
4150,LTER4,BR,P05,Poc,1.5,55,0,1,1,1,Recruitment,NA,NA,NA,NA
4151,LTER4,BR,P05,Poc,1.5,56,0,1,1,1,Recruitment,NA,NA,NA,NA
4152,LTER4,BR,P05,Acr,1.5,57,0,2,3,2,Recruitment,NA,NA,NA,NA
4153,LTER4,BR,P05,Poc,2.8,20,20,1,2,2,Recruitment,NA,NA,NA,NA
4154,LTER4,BR,P05,Acr,2.85,40,30,3,3,2,Recruitment,NA,NA,NA,NA
4155,LTER4,BR,P05,Acr,2.9,45,30,2,2,1,Recruitment,NA,NA,NA,NA
4156,LTER4,BR,P05,Acr,3.7,50,0,3,4,2,Recruitment,NA,NA,NA,NA
4161,LTER4,BR,P05,Acr,4.3,58,66,19,19,9.9,NA,NA,NA,NA,NA
4167,LTER4,BR,P05,Acr,4.35,60,0,1,2,1,Recruitment,NA,NA,NA,NA
4168,LTER4,BR,P05,Acr,4.39,57,65,21,20,10,NA,NA,NA,NA,NA
4169,LTER4,BR,P05,Acr,4.4,80,0,3,2,1,Recruitment,NA,NA,NA,NA
4175,LTER4,BR,P05,Por,4.7,25,1.5,NA,NA,NA,NA,NA,NA,NA,NA
4176,LTER4,BR,P05,Por,4.9,50,30,NA,NA,NA,NA,NA,NA,NA,NA
4179,LTER4,BR,P05,Acr,5.5,50,0,3,3,1,Recruitment,NA,NA,NA,NA
4184,LTER4,BR,P06,Poc,0,50,0,1,1,1,Recruitment,NA,NA,NA,NA
4185,LTER4,BR,P06,Acr,0.15,45,20,1,1,1,Recruitment,NA,NA,NA,NA
4186,LTER4,BR,P06,Por,0.25,50,0,1,2,0.5,Recruitment,NA,NA,NA,NA
4187,LTER4,BR,P06,Acr,0.4,70,0,2,2,5,Recruitment,NA,NA,NA,NA
4188,LTER4,BR,P06,Por,0.42,80,0,1,1,0.5,Recruitment,NA,NA,NA,NA
4189,LTER4,BR,P06,Por,0.7,0,0,1,1,1,Recruitment,NA,NA,NA,NA
4190,LTER4,BR,P06,Por,1.15,70,0,0.5,0.5,0.5,Recruitment,NA,NA,NA,NA
4191,LTER4,BR,P06,Por,1.15,71,0,0.5,0.5,0.5,Recruitment,NA,NA,NA,NA
4192,LTER4,BR,P06,Por,1.15,72,0,0.5,0.5,0.5,Recruitment,NA,NA,NA,NA
4193,LTER4,BR,P06,Por,1.15,73,0,0.5,0.5,0.5,Recruitment,NA,NA,NA,NA
4194,LTER4,BR,P06,Por,1.15,74,0,0.5,0.5,0.5,Recruitment,NA,NA,NA,NA
4195,LTER4,BR,P06,Por,1.15,75,0,0.5,0.5,0.5,Recruitment,NA,NA,NA,NA
4196,LTER4,BR,P06,Por,1.16,70,0,0.5,0.5,0.5,Recruitment,NA,NA,NA,NA
4197,LTER4,BR,P06,Por,1.16,71,0,0.5,0.5,0.5,Recruitment,NA,NA,NA,NA
4198,LTER4,BR,P06,Por,1.16,72,0,0.5,0.5,0.5,Recruitment,NA,NA,NA,NA
4199,LTER4,BR,P06,Por,1.16,73,0,0.5,0.5,0.5,Recruitment,NA,NA,NA,NA
4200,LTER4,BR,P06,Por,1.16,74,0,0.5,0.5,0.5,Recruitment,NA,NA,NA,NA
4201,LTER4,BR,P06,Por,1.16,75,0,0.5,0.5,0.5,Recruitment,NA,NA,NA,NA
4202,LTER4,BR,P06,Por,1.17,70,0,0.5,0.5,0.5,Recruitment,NA,NA,NA,NA
4203,LTER4,BR,P06,Por,1.17,71,0,0.5,0.5,0.5,Recruitment,NA,NA,NA,NA
4204,LTER4,BR,P06,Por,1.17,72,0,0.5,0.5,0.5,Recruitment,NA,NA,NA,NA
4205,LTER4,BR,P06,Por,1.17,73,0,0.5,0.5,0.5,Recruitment,NA,NA,NA,NA
4206,LTER4,BR,P06,Por,1.17,74,0,0.5,0.5,0.5,Recruitment,NA,NA,NA,NA
4209,LTER4,BR,P06,Acr,1.9,99,0,2,2,1,Recruitment,NA,NA,NA,NA
4210,LTER4,BR,P06,Por,2.2,70,0,0.5,0.5,0.5,Recruitment,NA,NA,NA,NA
4211,LTER4,BR,P06,Por,2.2,71,0,0.5,0.5,0.5,Recruitment,NA,NA,NA,NA
4212,LTER4,BR,P06,Por,2.2,72,0,0.5,0.5,0.5,Recruitment,NA,NA,NA,NA
4213,LTER4,BR,P06,Por,2.2,73,0,0.5,0.5,0.5,Recruitment,NA,NA,NA,NA
4214,LTER4,BR,P06,Por,2.2,74,0,0.5,0.5,0.5,Recruitment,NA,NA,NA,NA
4215,LTER4,BR,P06,Por,2.2,75,0,0.5,0.5,0.5,Recruitment,NA,NA,NA,NA
4216,LTER4,BR,P06,Por,2.2,76,0,0.5,0.5,0.5,Recruitment,NA,NA,NA,NA
4217,LTER4,BR,P06,Por,2.2,77,0,0.5,0.5,0.5,Recruitment,NA,NA,NA,NA
4218,LTER4,BR,P06,Por,2.2,78,0,0.5,0.5,0.5,Recruitment,NA,NA,NA,NA
4219,LTER4,BR,P06,Por,2.2,79,0,0.5,0.5,0.5,Recruitment,NA,NA,NA,NA
4220,LTER4,BR,P06,Por,2.2,80,0,0.5,0.5,0.5,Recruitment,NA,NA,NA,NA
4221,LTER4,BR,P06,Por,2.2,81,0,0.5,0.5,0.5,Recruitment,NA,NA,NA,NA
4225,LTER4,BR,P06,Acr,2.8,30,30,4,3.5,3,Shrinkage,NA,NA,NA,NA
4227,LTER4,BR,P06,Mil,2.95,40,40,44,29,27,NA,NA,NA,NA,NA
4228,LTER4,BR,P06,Acr,3.4,40,50,1,1,1,Recruitment,NA,NA,NA,NA
4229,LTER4,BR,P06,Acr,3.4,50,50,2,2,2,Recruitment,NA,NA,NA,NA
4230,LTER4,BR,P06,Acr,3.49,50,50,3,4,1,Recruitment,NA,NA,NA,NA
4231,LTER4,BR,P06,Acr,3.5,40,50,2,2,2,Recruitment,NA,NA,NA,NA
4233,LTER4,BR,P06,Poc,4.1,40,50,3,2,3,Recruitment,NA,NA,NA,NA
4234,LTER4,BR,P06,Acr,4.2,50,20,2,2,2,Recruitment,NA,NA,NA,NA
4251,LTER4,BR,P06,Acr,5.95,80,30,6,6,6,Growth,NA,NA,NA,NA
4252,LTER4,BR,P06,Acr,6.2,60,40,17,9,8,NA,NA,NA,NA,NA
4274,LTER4,BR,P06,Poc,0.05,18,0,2,1,1,Recruitment,NA,NA,NA,NA
4275,LTER4,BR,P06,Poc,0.4,77,0,2,1,1,Recruitment,NA,NA,NA,NA
4276,LTER4,BR,P06,Acr,0.5,75,0,5,3,1,Recruitment,NA,NA,NA,NA
4277,LTER4,BR,P06,Acr,0.55,70,0,3,2,1,Recruitment,NA,NA,NA,NA
4278,LTER4,BR,P06,Acr,0.65,50,0,2,2,2,Recruitment,NA,NA,NA,NA
4279,LTER4,BR,P06,Acr,0.85,14,0,2,2,2,Recruitment,NA,NA,NA,NA
4280,LTER4,BR,P06,Poc,0.85,95,0,3,2,1,Recruitment,NA,NA,NA,NA
4281,LTER4,BR,P06,Por,1.6,77,0,2,1,0.5,Recruitment,NA,NA,NA,NA
4284,LTER4,BR,P07,Acr,2,20,0,1,1,1,Recruitment,NA,NA,NA,NA
4285,LTER4,BR,P07,Por,2,100,0,1,1,1,Recruitment,NA,NA,NA,NA
4286,LTER4,BR,P07,Acr,2.25,200,0,15,12,8,NA,NA,NA,NA,NA
4288,LTER4,BR,P07,Acr,3.7,0,30,3,3,2,Recruitment,NA,NA,NA,NA
4289,LTER4,BR,P07,Poc,3.7,1,20,1,1,1,Recruitment,NA,NA,NA,NA
4290,LTER4,BR,P07,Acr,3.7,77,50,15,12,8,NA,NA,NA,NA,NA
4291,LTER4,BR,P07,Por,3.9,26,40,246,28,56,NA,NA,NA,NA,NA
4292,LTER4,BR,P07,Acr,4.1,60,60,3,2,1,Recruitment,NA,NA,NA,NA
4293,LTER4,BR,P07,Poc,4.2,70,30,2,2,2,Recruitment,NA,NA,NA,NA
4294,LTER4,BR,P07,Poc,4.2,70,20,1,1,1,Recruitment,NA,NA,NA,NA
4296,LTER4,BR,P07,Por,4.45,100,0,86,28,56,NA,NA,NA,NA,NA
4297,LTER4,BR,P07,Acr,4.65,10,20,1,1,1,Recruitment,NA,NA,NA,NA
4299,LTER4,BR,P07,Por,5,90,0,NA,NA,NA,NA,NA,NA,NA,NA
4301,LTER4,BR,P07,Por,6.7,80,80,NA,NA,NA,NA,NA,NA,NA,NA
4302,LTER4,BR,P07,Acr,7.1,40,0,2,2,3,Recruitment,NA,NA,NA,NA
4304,LTER4,BR,P07,Acr,7.2,20,40,3,3,3,Recruitment,NA,NA,NA,NA
4305,LTER4,BR,P07,Acr,7.2,40,50,3,3,3,Recruitment,NA,NA,NA,NA
4307,LTER4,BR,P07,Por,9,70,10,110,125,97,NA,NA,NA,NA,NA
4308,LTER4,BR,P07,Por,9.55,85,80,190,73,81,NA,NA,NA,NA,NA
4310,LTER4,BR,P08,Por,0.6,60,0,1,1,1,Recruitment,NA,NA,NA,NA
4313,LTER4,BR,P08,Por,3.4,25,0,170,180,102,NA,NA,NA,NA,NA
4314,LTER4,BR,P08,Poc,3.75,50,50,2,2,1,Recruitment,NA,NA,NA,NA
4315,LTER4,BR,P08,Poc,3.8,30,0,1,1,1,Recruitment,NA,NA,NA,NA
4316,LTER4,BR,P08,Por,4.1,40,0,59,40,64,NA,NA,NA,NA,NA
4318,LTER4,BR,P08,Acr,4.3,70,40,1,2,1,Recruitment,NA,NA,NA,NA
4319,LTER4,BR,P08,Acr,4.4,60,20,4,4,4,Recruitment,NA,NA,NA,NA
4321,LTER4,BR,P08,Acr,5.1,60,40,3,3,3,Recruitment,NA,NA,NA,NA
4322,LTER4,BR,P08,Acr,5.25,70,0,4,4,4,Recruitment,NA,NA,NA,NA
4323,LTER4,BR,P08,Acr,5.35,50,60,3,3,2,Recruitment,NA,NA,NA,NA
4324,LTER4,BR,P08,Poc,5.65,30,50,3,2,1,Recruitment,NA,NA,NA,NA
4325,LTER4,BR,P08,Acr,5.9,40,50,6,7,2,Missing Data,NA,NA,NA,NA
4331,LTER4,BR,P08,Por,9.8,50,15,110,56,66,NA,NA,NA,NA,NA
4334,LTER4,BR,P09,Poc,1.1,52,0,2,2,3,Recruitment,NA,NA,NA,NA
4336,LTER4,BR,P09,Por,1.65,25,10,35,20,22,NA,NA,NA,NA,NA
4337,LTER4,BR,P09,Por,2.35,24,25,32,16.5,11,NA,NA,NA,NA,NA
4338,LTER4,BR,P09,Acr,3.74,70,37,23,14,18,NA,NA,NA,NA,NA
4339,LTER4,BR,P09,Acr,4,50,37,43,25,24,Growth,NA,NA,NA,NA
4340,LTER4,BR,P09,Por,4.2,89,0,41.5,38,38,NA,NA,NA,NA,NA
4342,LTER4,BR,P09,Poc,4.79,90,40,1,1,1,Recruitment,NA,NA,NA,NA
4343,LTER4,BR,P09,Acr,4.88,90,30,3,3,1,Recruitment,NA,NA,NA,NA
4344,LTER4,BR,P09,Acr,4.9,90,30,2,2,2,Recruitment,NA,NA,NA,NA
4345,LTER4,BR,P09,Por,4.91,45,40,54,23,28.7,NA,NA,NA,NA,NA
4346,LTER4,BR,P09,Por,5.2,18,50,64,33,61,NA,NA,NA,NA,NA
4348,LTER4,BR,P09,Acr,5.75,80,20,6,6,3,Missing Data,NA,NA,NA,NA
4351,LTER4,BR,P09,Poc,5.88,28,70,1,1,1,Recruitment,NA,NA,NA,NA
4352,LTER4,BR,P09,Acr,5.9,50,70,6,4,4,Missing Data,NA,NA,NA,NA
4353,LTER4,BR,P09,Acr,6.04,90,40,6,5,5,Missing Data,NA,NA,NA,NA
4354,LTER4,BR,P09,Acr,6.05,17,80,6,5,3,Missing Data,NA,NA,NA,NA
4355,LTER4,BR,P09,Acr,6.05,70,40,6.5,6,3.5,Missing Data,NA,NA,NA,NA
4358,LTER4,BR,P09,Poc,6.15,20,80,1,1,1,Recruitment,NA,NA,NA,NA
4360,LTER4,BR,P09,Acr,6.4,25,40,8,4,7,Missing Data,NA,NA,NA,NA
4361,LTER4,BR,P09,Acr,6.5,20,30,7,7,2,Missing Data,NA,NA,NA,NA
4363,LTER4,BR,P09,Por,6.9,0,40,118,161,113,NA,NA,NA,NA,NA
4366,LTER4,BR,P09,Acr,7.3,77,50,6,5,4,Missing Data,NA,NA,NA,NA
4368,LTER4,BR,P09,Acr,7.4,20,50,3,3,1,Recruitment,NA,NA,NA,NA
4369,LTER4,BR,P09,Acr,7.4,30,30,2,2,2,Recruitment,NA,NA,NA,NA
4370,LTER4,BR,P09,Acr,7.4,40,30,2,2,2,Recruitment,NA,NA,NA,NA
4380,LTER4,BR,P09,Poc,8.25,55,75,2,2,2,Recruitment,NA,NA,NA,NA
4381,LTER4,BR,P09,Acr,8.3,50,50,2,3,3,Recruitment,NA,NA,NA,NA
4383,LTER4,BR,P09,Acr,8.35,88,60,1,1,1,Recruitment,NA,NA,NA,NA
4386,LTER4,BR,P09,Acr,8.4,88,60,1,1,1,Recruitment,NA,NA,NA,NA
4388,LTER4,BR,P09,Acr,8.62,60,75,1,1,1,Recruitment,NA,NA,NA,NA
4389,LTER4,BR,P09,Acr,8.79,0,30,6,4,2,Missing Data,NA,NA,NA,NA
4390,LTER4,BR,P09,Acr,8.8,60,40,6,6.5,3.5,Missing Data,NA,NA,NA,NA
4392,LTER4,BR,P09,Acr,8.95,50,20,6,3,1.8,Missing Data,NA,NA,NA,NA
4394,LTER4,BR,P09,Acr,9.1,30,0,5,5,5,Recruitment,NA,NA,NA,NA
4397,LTER4,BR,T01,Por,0.02,3,89,10.3,15.6,6.1,Growth,NA,NA,NA,NA
4399,LTER4,BR,T01,Acr,0.03,35,15,4,3.3,1.7,Recruitment,NA,NA,NA,NA
4406,LTER4,BR,T01,Acr,0.09,38,50,26,21,11.6,Growth,NA,NA,NA,NA
4409,LTER4,BR,T01,Poc,0.1,52,67,1,0.8,1.1,Recruitment,NA,NA,NA,NA
4410,LTER4,BR,T01,Acr,0.1,60,15,13.5,7.3,11.3,Growth,NA,NA,NA,NA
4415,LTER4,BR,T01,Poc,0.15,60,15,10.4,8.9,9.3,Growth,NA,NA,NA,NA
4425,LTER4,BR,T01,Por,0.28,10,80,9.4,4.5,7.5,Missing Data,NA,NA,NA,NA
4439,LTER4,BR,T01,Acr,0.45,98,8,2.4,3,3.1,Growth,NA,NA,NA,NA
4446,LTER4,BR,T01,Acr,0.56,0,50,8,5.7,4.5,Missing Data,NA,NA,NA,NA
4447,LTER4,BR,T01,Por,0.56,0,69,13.6,13.5,21.3,Growth,NA,NA,NA,NA
4451,LTER4,BR,T01,Por,0.58,21,65,3.7,1.7,3.1,Shrinkage,NA,NA,NA,NA
4455,LTER4,BR,T01,Por,0.6,16,63,3.8,2.2,3.1,Shrinkage,NA,NA,NA,NA
4460,LTER4,BR,T01,Por,0.65,61,9,20.6,15.6,15.3,Shrinkage,NA,NA,NA,NA
4464,LTER4,BR,T01,Por,0.7,43,4,2.1,1.8,2.6,Recruitment,NA,NA,NA,NA
4491,LTER4,BR,T01,Poc,0.85,100,5,14.4,12.7,10.4,Shrinkage,NA,NA,NA,NA
4492,LTER4,BR,T01,Poc,0.87,8,50,3.3,2.3,2.5,Growth,NA,NA,NA,NA
4497,LTER4,BR,T01,Por,1.03,93,22,2.8,1,1.3,Shrinkage,NA,NA,NA,NA
4498,LTER4,BR,T01,Por,1.04,94,37,5.3,1.4,3.5,Shrinkage,NA,NA,NA,NA
4507,LTER4,BR,T01,Poc,1.2,62,15,2.1,1.8,2.6,Recruitment,NA,NA,NA,NA
4510,LTER4,BR,T01,Por,1.21,93,65,10.3,6,7.1,Shrinkage,NA,NA,NA,NA
4512,LTER4,BR,T01,Por,1.23,83,67,9.6,5.6,12.5,Growth,NA,NA,NA,NA
4516,LTER4,BR,T01,Por,1.25,52,30,14.5,6.7,10.8,Shrinkage,NA,NA,NA,NA
4517,LTER4,BR,T01,Acr,1.25,100,50,6.7,4.3,4.6,Missing Data,NA,NA,NA,NA
4538,LTER4,BR,T01,Poc,1.36,79,70,9.6,5.6,12.5,Shrinkage,NA,NA,NA,NA
4546,LTER4,BR,T01,Poc,1.2,50,5,7.3,6,4.5,Shrinkage,NA,NA,NA,NA
4554,LTER4,BR,T01,Por,1.49,40,32,11.7,8.699999999999998,10.8,Growth,NA,NA,NA,NA
4558,LTER4,BR,T01,Acr,1.5,70,70,5.2,4.6,2.8,Growth,NA,NA,NA,NA
4573,LTER4,BR,T01,Poc,1.58,50,25,2.7,2.7,1.2,Recruitment,NA,NA,NA,NA
4577,LTER4,BR,T01,Por,1.6,57,47,5.2,1.9,3.9,Growth,NA,NA,NA,NA
4583,LTER4,BR,T01,Por,1.75,40,72,29.4,12.1,14.2,Shrinkage,NA,NA,NA,NA
4595,LTER4,BR,T01,Acr,1.75,100,75,4.6,3.2,2.3,Recruitment,NA,NA,NA,NA
4602,LTER4,BR,T01,Por,1.9,67,75,4.8,3.5,4.2,Shrinkage,NA,NA,NA,NA
4606,LTER4,BR,T01,Acr,1.85,100,75,6,3.7,4.2,Shrinkage,NA,NA,NA,NA
4608,LTER4,BR,T01,Acr,1.9,97,77,16,13.7,8,Shrinkage,NA,NA,NA,NA
4615,LTER4,BR,T01,Por,1.95,95,60,5.5,2.7,6.1,Shrinkage,NA,NA,NA,NA
4616,LTER4,BR,T01,Acr,1.98,75,30,3.7,0.5,2.2,Recruitment,NA,NA,NA,NA
4617,LTER4,BR,T01,Acr,1.98,93,60,2.3,1.7,2.3,Recruitment,NA,NA,NA,NA
4621,LTER4,BR,T01,Acr,2,72,16,7.3,7.3,1.6,Missing Data,NA,NA,NA,NA
4622,LTER4,BR,T01,Acr,2,78,24,8.5,8.5,1.4,Missing Data,NA,NA,NA,NA
4626,LTER4,BR,T01,Por,2.2,24,8,3.3,2.5,3.2,Shrinkage,NA,NA,NA,NA
4627,LTER4,BR,T01,Por,2.2,28,4,3.3,2.6,3.5,Recruitment,NA,NA,NA,NA
4633,LTER4,BR,T01,Por,2.29,25,10,8,6.1,5.4,Shrinkage,NA,NA,NA,NA
4636,LTER4,BR,T01,Por,2.3,34,2,1.7,1.7,1.7,Recruitment,NA,NA,NA,NA
4642,LTER4,BR,T01,Poc,2.36,3,19,0.8,0.6,0.8,Shrinkage,NA,NA,NA,NA
4652,LTER4,BR,T01,Poc,2.9,70,12,4,3.1,3.3,Growth,NA,NA,NA,NA
4656,LTER4,BR,T01,Por,3,95,21,36.2,22.2,24.2,Shrinkage,NA,NA,NA,NA
4658,LTER4,BR,T01,Poc,3.05,80,15,5,4.3,4.4,Growth,NA,NA,NA,NA
4661,LTER4,BR,T01,Poc,3.1,15,15,5.5,3.5,4.3,Growth,NA,NA,NA,NA
4669,LTER4,BR,T01,Por,3.31,91,1,26.1,14.7,15.6,NA,NA,NA,NA,NA
4671,LTER4,BR,T01,Poc,3.36,92,20,14.1,10.6,8.699999999999998,Missing Data,NA,NA,NA,NA
4677,LTER4,BR,T01,Poc,3.68,92,10,13.4,10,8.6,Missing Data,NA,NA,NA,NA
4691,LTER4,BR,T01,Por,4.3,65,3,5.9,4.6,5.3,Recruitment,NA,NA,NA,NA
4703,LTER4,BR,T01,Por,4.72,100,29,105,37.2,54.2,Growth,NA,NA,NA,NA
4729,LTER4,BR,T01,Por,4.95,45,25,8.699999999999998,3,4.5,Missing Data,NA,NA,NA,NA
4731,LTER4,BR,T01,Por,5,60,20,13.2,8.699999999999998,6.7,Growth,NA,NA,NA,NA
4737,LTER4,BR,T02,Por,0.07,9,20,13.5,12,12.3,Growth,NA,NA,NA,NA
4746,LTER4,BR,T02,Por,0.17,80,74,121,122,58.6,Shrinkage,NA,NA,NA,NA
4750,LTER4,BR,T02,Por,0.7,30,0,5.1,4.1,5.7,Growth,NA,NA,NA,NA
4752,LTER4,BR,T02,Por,0.85,65,0,22.5,11.5,15.8,Shrinkage,NA,NA,NA,NA
4755,LTER4,BR,T02,Poc,0.9,70,0,18.5,15,13.8,Growth,NA,NA,NA,NA
4756,LTER4,BR,T02,Por,0.95,35,8,8.3,6,3,Missing Data,NA,NA,NA,NA
4762,LTER4,BR,T02,Poc,1.68,6,27,4.7,3.2,1.4,NA,NA,NA,NA,NA
4763,LTER4,BR,T02,Por,1.75,35,20,36.7,28,35,Missing Data,NA,NA,NA,NA
4764,LTER4,BR,T02,Por,1.85,19,15,10.2,6.4,10.2,Shrinkage,NA,NA,NA,NA
4775,LTER4,BR,T02,Por,2.36,10,15,6.3,4,8.3,Shrinkage,NA,NA,NA,NA
4779,LTER4,BR,T02,Acr,2.39,50,50,4.8,6.2,6,NA,NA,NA,NA,NA
4784,LTER4,BR,T02,Acr,2.46,20,40,9.1,6.8,6.6,NA,NA,NA,NA,NA
4786,LTER4,BR,T02,Poc,2.5,5,60,13.2,9.8,9.7,Missing Data,NA,NA,NA,NA
4787,LTER4,BR,T02,Por,2.6,50,20,38.2,14.5,28.7,"Growth, Edge",NA,NA,NA,NA
4793,LTER4,BR,T02,Acr,2.63,12,45,3.1,2.4,2,Shrinkage,NA,NA,NA,NA
4796,LTER4,BR,T02,Acr,2.7,40,50,4.6,3.7,3.3,Growth,NA,NA,NA,NA
4807,LTER4,BR,T02,Por,2.81,36,64,18,16.3,12.6,Growth,NA,NA,NA,NA
4816,LTER4,BR,T02,Poc,2.75,20,66,20.5,15,15,Growth,NA,NA,NA,NA
4823,LTER4,BR,T02,Por,2.95,37,20,16.7,9,13.3,Growth,NA,NA,NA,NA
4825,LTER4,BR,T02,Por,3,49,43,13.5,7,7.3,NA,NA,NA,NA,NA
4833,LTER4,BR,T02,Acr,3.1,85,8,2.8,2.2,3.3,Recruitment,NA,NA,NA,NA
4839,LTER4,BR,T02,Por,3.15,50,30,98.1,69.3,53.1,Growth,NA,NA,NA,NA
4840,LTER4,BR,T02,Por,3.15,85,3,21.7,6.7,9.5,Missing Data,NA,NA,NA,NA
4843,LTER4,BR,T02,Acr,3.17,43,60,4.1,4.9,2.4,Recruitment,NA,NA,NA,NA
4846,LTER4,BR,T02,Acr,3.2,1,100,6.2,2.7,3,Shrinkage,NA,NA,NA,NA
4858,LTER4,BR,T02,Acr,3.5,1,60,7.3,8,4.8,Growth,NA,NA,NA,NA
4863,LTER4,BR,T02,Poc,3.56,40,20,1.5,1.5,1.2,Recruitment,NA,NA,NA,NA
4864,LTER4,BR,T02,Acr,3.6,85,65,7.8,5,5.5,Missing Data,NA,NA,NA,NA
4870,LTER4,BR,T02,Poc,3.71,50,77,15,8.3,10.6,Shrinkage,NA,NA,NA,NA
4875,LTER4,BR,T02,Acr,3.75,62,60,3.8,3.3,3.6,Recruitment,NA,NA,NA,NA
4878,LTER4,BR,T02,Por,3.75,97,85,14.8,12.3,15.9,NA,NA,NA,NA,NA
4897,LTER4,BR,T02,Acr,4.25,88,80,6.8,6.3,2,Missing Data,NA,NA,NA,NA
4898,LTER4,BR,T02,Poc,4.25,96,75,3.2,2.5,2.5,Recruitment,NA,NA,NA,NA
4905,LTER4,BR,T02,Poc,4.4,23,70,2.3,1.3,2,Recruitment,NA,NA,NA,NA
4907,LTER4,BR,T02,Por,4.4,50,50,65.2,55.7,52.7,Shrinkage,NA,NA,NA,NA
4918,LTER4,BR,T02,Por,4.75,24,54,46.5,42,54,Growth,NA,NA,NA,NA
4922,LTER4,BR,T02,Acr,4.4,40,70,6.7,5.7,4,Growth,NA,NA,NA,NA
4925,LTER4,BR,T03,Acr,0,70,60,12,7.5,9.9,Growth,NA,NA,NA,NA
4926,LTER4,BR,T03,Acr,0,70,70,3.5,3.5,2.5,Recruitment,NA,NA,NA,NA
4927,LTER4,BR,T03,Acr,0,75,70,12,10,6,Missing Data,NA,NA,NA,NA
4928,LTER4,BR,T03,Poc,0.01,30,35,6.8,4.9,4.4,Shrinkage,NA,NA,NA,NA
4929,LTER4,BR,T03,Por,0.01,60,0,3,3,2,Growth,NA,NA,NA,NA
4930,LTER4,BR,T03,Por,0.01,70,0,12,8,5.6,Growth,NA,NA,NA,NA
4931,LTER4,BR,T03,Por,0.05,55,80,24.9,21,5.5,Shrinkage,NA,NA,NA,NA
4932,LTER4,BR,T03,Por,0.06,58,82,5,4.5,5,Shrinkage,NA,NA,NA,NA
4933,LTER4,BR,T03,Por,0.1,60,0,3.8,3,2,Growth,NA,NA,NA,NA
4935,LTER4,BR,T03,Poc,0.17,64,83,2,2,2,Shrinkage,NA,NA,NA,NA
4936,LTER4,BR,T03,Poc,0.19,64,83,33,25,21.5,Growth,NA,NA,NA,NA
4937,LTER4,BR,T03,Por,0.2,18,45,66,21,24,Shrinkage,NA,NA,NA,NA
4948,LTER4,BR,T03,Por,0.25,75,40,6,3.1,2.8,Shrinkage,NA,NA,NA,NA
4949,LTER4,BR,T03,Por,0.25,94,46,16,11.1,4.5,NA,NA,NA,NA,NA
4951,LTER4,BR,T03,Por,0.28,60,60,13.7,7.5,4,Shrinkage,NA,NA,NA,NA
4961,LTER4,BR,T03,Por,0.3,65,30,5.5,8,9,NA,NA,NA,NA,NA
4967,LTER4,BR,T03,Por,0.4,50,0,33.5,40,12.6,Growth,NA,NA,NA,NA
4971,LTER4,BR,T03,Acr,0.45,90,50,7.2,5.1,3,Missing Data,NA,NA,NA,NA
4972,LTER4,BR,T03,Por,0.5,25,10,6.3,4.1,6,Shrinkage,NA,NA,NA,NA
4974,LTER4,BR,T03,Acr,0.5,77,10,1.5,1.5,1.5,Recruitment,NA,NA,NA,NA
4978,LTER4,BR,T03,Poc,0.79,0,0,4,3,3,Recruitment,NA,NA,NA,NA
4979,LTER4,BR,T03,Por,0.8,25,25,6.5,8,8,Shrinkage,NA,NA,NA,NA
4980,LTER4,BR,T03,Poc,0.8,90,5,18.3,12,16.5,Growth,NA,NA,NA,NA
4989,LTER4,BR,T03,Por,0.91,20,32,5.5,8,9,NA,NA,NA,NA,NA
4993,LTER4,BR,T03,Por,0.94,7,45,42.2,22,20,NA,NA,NA,NA,NA
4998,LTER4,BR,T03,Por,0.95,65,0,13,10.8,11.6,Growth,NA,NA,NA,NA
5008,LTER4,BR,T03,Poc,1,50,30,11,9.7,7.5,Shrinkage,NA,NA,NA,NA
5010,LTER4,BR,T03,Poc,1,51,0,2,2,1,Growth,NA,NA,NA,NA
5025,LTER4,BR,T03,Poc,1.1,6,0,11,13,7,Growth,NA,NA,NA,NA
5027,LTER4,BR,T03,Por,1.1,20,57,6.2,6,6.8,Shrinkage,NA,NA,NA,NA
5036,LTER4,BR,T03,Por,1.25,40,0,20,8.5,6,Growth,NA,NA,NA,NA
5043,LTER4,BR,T03,Por,1.3,50,0,24.9,21.9,22.1,Growth,NA,NA,NA,NA
5045,LTER4,BR,T03,Poc,1.3,70,0,2,1,1,Recruitment,NA,NA,NA,NA
5075,LTER4,BR,T03,Por,1.65,20,0,NA,NA,NA,NA,NA,NA,NA,NA
5076,LTER4,BR,T03,Por,1.65,40,10,NA,NA,NA,Death,NA,NA,NA,NA
5081,LTER4,BR,T03,Por,1.71,20,20,NA,NA,NA,Death,NA,NA,NA,NA
5097,LTER4,BR,T03,Por,1.95,3,10,45,45,49,Growth,NA,NA,NA,NA
5100,LTER4,BR,T03,Acr,1.99,0,28,1,1,1,Recruitment,NA,NA,NA,NA
5101,LTER4,BR,T03,Acr,1.99,49,40,7,7,3,Missing Data,NA,NA,NA,NA
5105,LTER4,BR,T03,Poc,2,50,0,6,6,4,Growth,NA,NA,NA,NA
5117,LTER4,BR,T03,Poc,2.15,25,15,17,13,7,Growth,NA,NA,NA,NA
5144,LTER4,BR,T03,Por,3.6,61,2,28,17,10.6,Shrinkage,NA,NA,NA,NA
5146,LTER4,BR,T03,Por,3.65,10,10,48,39,57,NA,NA,NA,NA,NA
5183,LTER4,BR,T04,Acr,0.05,30,0,6,5.3,1.9,Growth,NA,NA,NA,NA
5185,LTER4,BR,T04,Acr,0.31,59,0,3.4,4.7,1.2,Growth,NA,NA,NA,NA
5187,LTER4,BR,T04,Por,0.35,30,0,2.2,1.8,3.5,NA,NA,NA,NA,NA
5189,LTER4,BR,T04,Por,0.38,30,0,3.1,2.4,0.15,NA,NA,NA,NA,NA
5190,LTER4,BR,T04,Por,0.39,65,0,3.9,3.6,1.8,NA,NA,NA,NA,NA
5191,LTER4,BR,T04,Por,0.4,67,0,2.1,1.7,1.6,NA,NA,NA,NA,NA
5204,LTER4,BR,T04,Acr,1.1,68,0,2.9,3.2,0.5,Recruitment,NA,NA,NA,NA
5206,LTER4,BR,T04,Acr,1.3,55,0,2,3,1,Recruitment,NA,NA,NA,NA
5208,LTER4,BR,T04,Poc,1.4,39,0,17,18,13.5,Growth,NA,NA,NA,NA
5209,LTER4,BR,T04,Por,1.35,87,0,1,1,1,Recruitment,NA,NA,NA,NA
5210,LTER4,BR,T04,Acr,1.5,20,0,3.2,2.8,1,Recruitment,NA,NA,NA,NA
5221,LTER4,BR,T04,Poc,1.7,75,30,4.2,5,4,Shrinkage,NA,NA,NA,NA
5233,LTER4,BR,T04,Por,1.83,50,21,65,45.5,40.6,Growth,NA,NA,NA,NA
5234,LTER4,BR,T04,Acr,1.85,69,30,7,7,1,Missing Data,NA,NA,NA,NA
5262,LTER4,BR,T04,Por,2.28,42,25,78,23,27,Growth,NA,NA,NA,NA
5274,LTER4,BR,T04,Poc,2.47,80,30,2,2,2,Recruitment,NA,NA,NA,NA
5282,LTER4,BR,T04,Poc,2.6,30,10,1,1,1,Recruitment,NA,NA,NA,NA
5283,LTER4,BR,T04,Poc,2.6,33,10,1,1,1,Recruitment,NA,NA,NA,NA
5306,LTER4,BR,T04,Poc,4.53,84,20,1,1,1,Recruitment,NA,NA,NA,NA
5307,LTER4,BR,T04,Por,5,30,40,178,85,75.59999999999998,Growth,NA,NA,NA,NA
5309,LTER4,OR,T01,Poc,0,80,15,9.8,7.2,6.3,Shrinkage,NA,NA,NA,NA
5314,LTER4,OR,T01,Mil,0.12,20,5,2.4,1.3,2.2,Growth,NA,NA,NA,NA
5324,LTER4,OR,T01,Mil,0.2,0,20,10,3.1,8.1,Growth,NA,NA,NA,NA
5330,LTER4,OR,T01,Poc,0.23,4,5,10,10.1,10.8,Shrinkage,NA,NA,NA,NA
5338,LTER4,OR,T01,Mil,0.34,30,11,20.9,11.1,16.3,NA,NA,NA,NA,NA
5344,LTER4,OR,T01,Acr,0.38,57,0,3.3,3.4,2.3,Shrinkage,NA,NA,NA,NA
5345,LTER4,OR,T01,Mil,0.4,1,20,9.7,7.7,7.3,Shrinkage,NA,NA,NA,NA
5354,LTER4,OR,T01,Poc,0.45,85,4,10.3,7.8,8.699999999999998,Shrinkage,NA,NA,NA,NA
5382,LTER4,OR,T01,Poc,0.76,35,2,1.6,1.4,1.7,Shrinkage,NA,NA,NA,NA
5389,LTER4,OR,T01,Acr,0.8,78,0,15,13,7.2,Growth,NA,NA,NA,NA
5401,LTER4,OR,T01,Acr,1.25,95,15,18.6,18.1,7,Shrinkage,NA,NA,NA,NA
5403,LTER4,OR,T01,Acr,1.53,45,5,11.4,8.5,7.8,Shrinkage,NA,NA,NA,NA
5413,LTER4,OR,T01,Acr,3.1,0,5,17.8,12.5,12.9,Growth,NA,NA,NA,NA
5414,LTER4,OR,T01,Acr,3.17,4,0,16.9,12.2,10.9,Growth,NA,NA,NA,NA
5417,LTER4,OR,T01,Acr,3.3,55,4,11.3,8.3,9.4,Growth,NA,NA,NA,NA
5422,LTER4,OR,T01,Acr,3.8,55,0,8,5.7,3.6,Shrinkage,NA,NA,NA,NA
5440,LTER4,OR,T01,Acr,4.88,38,10,8.699999999999998,9,6.7,Growth,NA,NA,NA,NA
5442,LTER4,OR,T02,Acr,0,23,7,11.3,10.3,9.3,Missing Data,NA,NA,NA,NA
5455,LTER4,OR,T02,Poc,0.15,18,1,16.7,12.4,14.9,Growth,NA,NA,NA,NA
5456,LTER4,OR,T02,Poc,0.15,24,5,1.3,1.8,1.6,Shrinkage,NA,NA,NA,NA
5473,LTER4,OR,T02,Poc,0.3,30,0,12,12,7.3,Growth,NA,NA,NA,NA
5504,LTER4,OR,T02,Poc,0.73,10,20,11.9,9.9,9.7,Shrinkage,NA,NA,NA,NA
5515,LTER4,OR,T02,Mil,0.8,47,25,12.9,9,14.5,Growth,NA,NA,NA,NA
5526,LTER4,OR,T02,Acr,0.95,15,0,12.9,7,9.6,Shrinkage,NA,NA,NA,NA
5527,LTER4,OR,T02,Mil,0.95,55,40,22.1,11.1,10.4,Shrinkage,NA,NA,NA,NA
5529,LTER4,OR,T02,Poc,0.98,26,0,4.8,4.3,3,Shrinkage,NA,NA,NA,NA
5537,LTER4,OR,T02,Acr,1.05,90,0,20.7,14.5,10.7,Growth,NA,NA,NA,NA
5539,LTER4,OR,T02,Mil,1.1,28,30,25.9,13.4,14.3,Growth,NA,NA,NA,NA
5540,LTER4,OR,T02,Mil,1.1,45,30,27,13.3,11.5,Shrinkage,NA,NA,NA,NA
5543,LTER4,OR,T02,Acr,1.2,15,5,11,4.8,4.9,Missing Data,NA,NA,NA,NA
5546,LTER4,OR,T02,Mil,1.35,65,20,4.3,2.2,3.4,Shrinkage,NA,NA,NA,NA
5551,LTER4,OR,T02,Acr,1.65,60,10,10.5,6.4,6.8,Growth,NA,NA,NA,NA
5554,LTER4,OR,T02,Mil,1.75,43,30,18.7,7.3,14.4,NA,NA,NA,NA,NA
5555,LTER4,OR,T02,Acr,1.8,1,15,9.7,8.3,7.7,Shrinkage,NA,NA,NA,NA
5556,LTER4,OR,T02,Acr,1.95,90,5,5,2.2,2.4,Recruitment,NA,NA,NA,NA
5560,LTER4,OR,T02,Acr,2.28,74,0,4,5.3,6.8,Shrinkage,NA,NA,NA,NA
5574,LTER4,OR,T02,Acr,3.15,12,5,6.4,4.3,5.8,Missing Data,NA,NA,NA,NA
5578,LTER4,OR,T02,Acr,3.42,58,5,10.6,9.4,8.699999999999998,Growth,NA,NA,NA,NA
5579,LTER4,OR,T02,Acr,3.45,100,0,11.9,11.9,7.3,Growth,NA,NA,NA,NA
5580,LTER4,OR,T02,Acr,3.66,88,1,5.2,2.8,1.5,Recruitment,NA,NA,NA,NA
5589,LTER4,OR,T02,Acr,4.15,75,5,7.1,6.3,6,Growth,NA,NA,NA,NA
5591,LTER4,OR,T02,Acr,4.3,58,5,8.3,6.8,5,Growth,NA,NA,NA,NA
5593,LTER4,OR,T02,Acr,4.5,100,0,12.4,10.8,7.2,Growth,NA,NA,NA,NA
5600,LTER4,OR,T02,Acr,4.8,0,8,10.8,11.2,10.5,Missing Data,NA,NA,NA,NA
5601,LTER4,OR,T02,Acr,4.8,5,10,9.5,9,9,Growth,NA,NA,NA,NA
5605,LTER4,OR,T03,Poc,0,18,0,18,10,13,Growth,NA,NA,NA,NA
5608,LTER4,OR,T03,Acr,0,100,5,5,3.5,3.5,Shrinkage,NA,NA,NA,NA
5648,LTER4,OR,T03,Acr,0.75,0,0,5,5,7,Missing Data,NA,NA,NA,NA
5649,LTER4,OR,T03,Por,0.77,77,0,4.5,4,2,Shrinkage,NA,NA,NA,NA
5650,LTER4,OR,T03,Acr,0.75,0,0,3,3,3,Recruitment,NA,NA,NA,NA
5656,LTER4,OR,T03,Poc,0.88,24,0,12,12,10,Shrinkage,NA,NA,NA,NA
5659,LTER4,OR,T03,Acr,0.9,80,0,7.5,7.5,7,Growth,NA,NA,NA,NA
5664,LTER4,OR,T03,Poc,0.95,56,10,24,28,27.5,Shrinkage,NA,NA,NA,NA
5670,LTER4,OR,T03,Acr,1.15,55,0,4.5,4,4.5,Shrinkage,NA,NA,NA,NA
5672,LTER4,OR,T03,Acr,1.17,60,0,5.5,5,2.5,Growth,NA,NA,NA,NA
5677,LTER4,OR,T03,Por,1.3,66,0,12.5,8,2.5,Missing Data,NA,NA,NA,NA
5689,LTER4,OR,T03,Acr,1.9,89,0,12,8,6.5,Shrinkage,NA,NA,NA,NA
5690,LTER4,OR,T03,Acr,1.9,90,0,20.5,17.6,8,Shrinkage,NA,NA,NA,NA
5695,LTER4,OR,T03,Acr,2.1,0,0,3,3,1.5,Recruitment,NA,NA,NA,NA
5696,LTER4,OR,T03,Acr,2.1,50,0,7,8,7,Growth,NA,NA,NA,NA
5698,LTER4,OR,T03,Acr,2.15,50,0,9,8.8,6,Shrinkage,NA,NA,NA,NA
5706,LTER4,OR,T03,Acr,3.1,55,0,2,2,2,Recruitment,NA,NA,NA,NA
5708,LTER4,OR,T03,Acr,3.15,10,0,11,7.9,7.9,Growth,NA,NA,NA,NA
5712,LTER4,OR,T03,Acr,3.5,38,0,3,3,2,Recruitment,NA,NA,NA,NA
5714,LTER4,OR,T03,Por,3.8,0,0,24,21.5,16,Shrinkage,NA,NA,NA,NA
5718,LTER4,OR,T03,Acr,4.3,85,0,2,2,1,Recruitment,NA,NA,NA,NA
5720,LTER4,OR,T03,Por,4.5,30,0,7.5,8.199999999999998,6,Shrinkage,NA,NA,NA,NA
5724,LTER4,OR,T03,Poc,4.8,75,0,2,2,1,Recruitment,NA,NA,NA,NA
5728,LTER4,OR,T04,Poc,0,7,5,33,19,12,NA,NA,NA,NA,NA
5749,LTER4,OR,T04,Poc,0.25,75,11,26,18,8,NA,NA,NA,NA,NA
5750,LTER4,OR,T04,Poc,0.25,91,0,9.5,11,8.5,NA,NA,NA,NA,NA
5782,LTER4,OR,T04,Acr,0.7,5,0,8.699999999999998,7.8,7,Growth,NA,NA,NA,NA
5789,LTER4,OR,T04,Poc,0.82,26,5,22.5,19.5,9,NA,NA,NA,NA,NA
5804,LTER4,OR,T04,Acr,0.95,75,0,6,6,5,Missing Data,NA,NA,NA,NA
5810,LTER4,OR,T04,Acr,1,75,0,7,7,5,Missing Data,NA,NA,NA,NA
5813,LTER4,OR,T04,Acr,1.4,5,0,7,7,5,Missing Data,NA,NA,NA,NA
5815,LTER4,OR,T04,Acr,1.49,20,0,5,4,NA,NA,NA,NA,NA,NA
5821,LTER4,OR,T04,Acr,1.9,20,0,11,9,9,NA,NA,NA,NA,NA
5822,LTER4,OR,T04,Acr,1.92,50,0,5,3.5,3,Recruitment,NA,NA,NA,NA
5825,LTER4,OR,T04,Acr,2.15,22,7,11,8,7,NA,NA,NA,NA,NA
5826,LTER4,OR,T04,Acr,2.2,40,40,8.5,10,14,Shrinkage,NA,NA,NA,NA
5827,LTER4,OR,T04,Acr,2.35,70,4,11,6.5,5,NA,NA,NA,NA,NA
5830,LTER4,OR,T04,Poc,2.7,40,0,3,2,3,Recruitment,NA,NA,NA,NA
5831,LTER4,OR,T04,Acr,2.7,75,0,11.1,5.5,4,NA,NA,NA,NA,NA
5834,LTER4,OR,T04,Acr,3.06,80,0,8,6,6,NA,NA,NA,NA,NA
5863,LTER4,OR,T04,Acr,4.38,60,5,19,13,13,NA,NA,NA,NA,NA
5872,LTER4,OR,T04,Acr,4.5,60,0,2,2,2,Recruitment,NA,NA,NA,NA
5874,LTER4,OR,T04,Acr,4.6,50,0,3,2,2,Recruitment,NA,NA,NA,NA
5878,LTER4,OR,T04,Acr,4.8,60,0,11.5,8,6.5,Growth,NA,NA,NA,NA
5880,LTER4,OR,T04,Mil,4.87,1,7,11.5,6,7.5,NA,NA,NA,NA,NA
5891,LTER5,BR,P01,Por,1.55,50,20,41.5,19.3,21.2,Growth,NA,NA,NA,NA
5894,LTER5,BR,P01,Por,1.95,20,100,24.7,26.8,28.3,Shrinkage,NA,NA,NA,NA
5897,LTER5,BR,P01,Por,2.15,28,60,23.7,15.2,15.3,NA,NA,NA,NA,NA
5901,LTER5,BR,P01,Poc,2.4,75,14,26.7,23.2,28.3,Growth,NA,NA,NA,NA
5902,LTER5,BR,P01,Poc,2.9,28,80,24.3,20.5,20.3,NA,NA,NA,NA,NA
5908,LTER5,BR,P01,Poc,4,10,50,32.3,21.2,19.8,Growth,NA,NA,NA,NA
5909,LTER5,BR,P01,Poc,4.3,40,10,14,6.5,9.7,Missing Data,NA,NA,NA,NA
5914,LTER5,BR,P01,Poc,5.32,85,10,16,11.3,14.4,NA,NA,NA,NA,NA
5917,LTER5,BR,P01,Poc,5.4,94,10,37,21,25,Shrinkage,NA,NA,NA,NA
5919,LTER5,BR,P01,Poc,5.5,65,20,37.5,21.3,26,Shrinkage,NA,NA,NA,NA
5921,LTER5,BR,P01,Poc,5.7,96,5,26.5,19,12.5,Missing Data,NA,NA,NA,NA
5923,LTER5,BR,P01,Poc,6.16,99,20,17,18,15.4,NA,NA,NA,NA,NA
5925,LTER5,BR,P01,Poc,6.3,40,20,1.5,1.3,1.7,Growth,NA,NA,NA,NA
5926,LTER5,BR,P01,Poc,6.3,94,33,12.6,11.9,11,Shrinkage,NA,NA,NA,NA
5927,LTER5,BR,P01,Poc,6.32,40,20,1.2,0.8,1.1,Shrinkage,NA,NA,NA,NA
5929,LTER5,BR,P01,Poc,6.53,77,3,32.2,19,15.6,Shrinkage,NA,NA,NA,NA
5930,LTER5,BR,P01,Por,7,40,0,12.7,5,10.4,Shrinkage,NA,NA,NA,NA
5935,LTER5,BR,P01,Poc,7.67,57,50,8,5.3,5.5,Missing Data,NA,NA,NA,NA
5936,LTER5,BR,P01,Por,7.7,70,30,28.5,37,18,Growth,NA,NA,NA,NA
5939,LTER5,BR,P01,Por,8.5,20,10,24,15,15.4,Shrinkage,NA,NA,NA,NA
5941,LTER5,BR,P01,Poc,8.75,50,30,15.7,9,11.3,Shrinkage,NA,NA,NA,NA
5942,LTER5,BR,P01,Acr,8.76,45,35,2.7,2.5,2.6,Recruitment,NA,NA,NA,NA
5945,LTER5,BR,P01,Acr,8.83,58,50,1.9,2,0.6,Recruitment,NA,NA,NA,NA
5946,LTER5,BR,P01,Acr,8.9,70,55,14.4,18.3,11,Growth,NA,NA,NA,NA
5947,LTER5,BR,P01,Acr,8.93,60,50,3.4,3.8,4.5,Recruitment,NA,NA,NA,NA
5948,LTER5,BR,P01,Poc,9,25,55,27.5,22,25.8,Missing Data,NA,NA,NA,NA
5950,LTER5,BR,P01,Por,9.5,50,30,30,23.7,15.3,Shrinkage,NA,NA,NA,NA
5951,LTER5,BR,P01,Por,9.6,15,40,39.2,24.9,33.4,Missing Data,NA,NA,NA,NA
5968,LTER5,BR,P10,Acr,3.7,5,60,36.9,23.9,19,Growth,NA,NA,NA,NA
5974,LTER5,BR,P10,Por,5.9,20,65,61.2,60,100,NA,NA,NA,NA,NA
5978,LTER5,BR,P10,Por,6.5,70,50,56,49,40,Shrinkage,NA,NA,NA,NA
5979,LTER5,BR,P10,Por,6.55,100,40,60,36.6,63,Growth,NA,NA,NA,NA
5984,LTER5,BR,P02,Poc,0.1,55,30,17.9,12.8,24.4,Growth,NA,NA,NA,NA
5985,LTER5,BR,P02,Poc,0.15,70,40,9,7.3,8.3,Missing Data,NA,NA,NA,NA
5987,LTER5,BR,P02,Poc,0.27,38,20,15.6,14.7,11.9,Growth,NA,NA,NA,NA
5988,LTER5,BR,P02,Poc,0.27,54,30,6.5,5.3,6.2,Growth,NA,NA,NA,NA
5989,LTER5,BR,P02,Poc,0.3,78,40,6.1,4.2,5.9,Shrinkage,NA,NA,NA,NA
5999,LTER5,BR,P02,Poc,3.4,35,160,15.6,9,13.7,Shrinkage,NA,NA,NA,NA
6002,LTER5,BR,P02,Por,4.15,65,40,47.6,20.8,25,Shrinkage,NA,NA,NA,NA
6007,LTER5,BR,P02,Por,4.8,100,100,30,24,23,Shrinkage,NA,NA,NA,NA
6013,LTER5,BR,P02,Poc,5.15,50,60,31.1,26.7,15.2,NA,NA,NA,NA,NA
6028,LTER5,BR,P02,Poc,6.75,83,123,24.9,17.6,19.4,Shrinkage,NA,NA,NA,NA
6029,LTER5,BR,P02,Poc,7,30,75,22.5,7.7,21.3,Shrinkage,NA,NA,NA,NA
6031,LTER5,BR,P02,Poc,7,65,13,14,10,8.5,Shrinkage,NA,NA,NA,NA
6036,LTER5,BR,P02,Por,7.55,30,40,27,21.3,28.5,Shrinkage,NA,NA,NA,NA
6038,LTER5,BR,P02,Por,7.9,0,60,13,9.7,8.5,NA,NA,NA,NA,NA
6041,LTER5,BR,P02,Poc,9.1,90,6,13.5,11.3,10,Shrinkage,NA,NA,NA,NA
6042,LTER5,BR,P02,Poc,9.6,31,42,35.7,30,33.8,Shrinkage,NA,NA,NA,NA
6046,LTER5,BR,P03,Poc,0.55,90,2,15.5,15,13.5,Growth,NA,NA,NA,NA
6048,LTER5,BR,P03,Poc,0.65,25,10,17,15.5,15,Growth,NA,NA,NA,NA
6050,LTER5,BR,P03,Poc,0.7,10,5,26,21,16.3,Shrinkage,NA,NA,NA,NA
6052,LTER5,BR,P03,Poc,2.35,90,10,26.5,19.5,18.4,Shrinkage,NA,NA,NA,NA
6053,LTER5,BR,P03,Poc,2.37,NA,27,26.2,17,11.1,NA,NA,NA,NA,NA
6064,LTER5,BR,P03,Poc,4.88,77,68,17.7,13,15,NA,NA,NA,NA,NA
6066,LTER5,BR,P03,Poc,4.9,50,0,28,13,24,NA,NA,NA,NA,NA
6077,LTER5,BR,P03,Acr,6.85,40,120,46,29,14,Shrinkage,NA,NA,NA,NA
6078,LTER5,BR,P03,Por,7.37,40,20,26,12,17.1,NA,NA,NA,NA,NA
6079,LTER5,BR,P03,Por,8.1,75,20,26,21,13,Shrinkage,NA,NA,NA,NA
6082,LTER5,BR,P04,Acr,5.08,50,24,50,50,40,NA,NA,NA,NA,NA
6083,LTER5,BR,P04,Acr,5.2,50,20,21.9,14,11,NA,NA,NA,NA,NA
6087,LTER5,BR,P04,Acr,5.34,40,5,6.2,4.5,4.5,NA,NA,NA,NA,NA
6088,LTER5,BR,P04,Acr,5.35,45,0,22.5,30,25.5,Growth,NA,NA,NA,NA
6089,LTER5,BR,P04,Acr,5.35,60,0,9.5,5.5,5.7,Growth,NA,NA,NA,NA
6091,LTER5,BR,P04,Acr,5.43,43,40,10,10,8,NA,NA,NA,NA,NA
6092,LTER5,BR,P04,Acr,5.46,14,45,7.5,6.5,8.5,NA,NA,NA,NA,NA
6094,LTER5,BR,P04,Acr,5.75,59,59,9,11,11.5,NA,NA,NA,NA,NA
6098,LTER5,BR,P05,Por,0.1,12,0,22.5,19,5,Shrinkage,NA,NA,NA,NA
6099,LTER5,BR,P05,Por,1,50,0,47,45,27.2,Growth,NA,NA,NA,NA
6100,LTER5,BR,P05,Poc,2.14,85,10,3,2,2,Recruitment,NA,NA,NA,NA
6101,LTER5,BR,P05,Poc,2.3,66,10,2,2,2,Recruitment,NA,NA,NA,NA
6103,LTER5,BR,P05,Por,2.5,50,0,127.5,122.5,78,Shrinkage,NA,NA,NA,NA
6104,LTER5,BR,P05,Por,3.25,30,30,126,110,63,Shrinkage,NA,NA,NA,NA
6106,LTER5,BR,P05,Por,4,100,20,85,77,27.5,Growth,NA,NA,NA,NA
6115,LTER5,BR,P05,Por,6.3,50,50,NA,NA,NA,Death,NA,NA,NA,NA
6119,LTER5,BR,P05,Acr,6.6,0,40,11,9,11,Growth,NA,NA,NA,NA
6121,LTER5,BR,P05,Acr,7.25,73,70,28.5,25.1,17,Growth,NA,NA,NA,NA
6124,LTER5,BR,P05,Por,8.25,25,40,96,84,61,Growth,NA,NA,NA,NA
6127,LTER5,BR,P06,Por,5.85,60,60,45,39,37,Growth,NA,NA,NA,NA
6130,LTER5,BR,P06,Por,7.7,50,10,112,115,48,NA,NA,NA,NA,NA
6133,LTER5,BR,P06,Acr,7.25,45,30,32.5,26,17,Growth,NA,NA,NA,NA
6134,LTER5,BR,P06,Acr,7.25,57,36,8.5,7.5,6,NA,NA,NA,NA,NA
6142,LTER5,BR,P07,Por,0,50,90,185,163,82,Shrinkage,NA,NA,NA,NA
6145,LTER5,BR,P07,Acr,3.77,84,47,47.5,27,11,NA,NA,NA,NA,NA
6148,LTER5,BR,P07,Por,4.25,95,40,27,20,10,Shrinkage,NA,NA,NA,NA
6150,LTER5,BR,P07,Acr,5.7,100,39.3,33.5,30,17,NA,NA,NA,NA,NA
6153,LTER5,BR,P07,Por,7.96,26,65,25,38,24,NA,NA,NA,NA,NA
6155,LTER5,BR,P07,Por,9.2,90,10,30.5,27,23.5,Shrinkage,NA,NA,NA,NA
6156,LTER5,BR,P07,Por,9.35,93,44,68,52,40,Growth,NA,NA,NA,NA
6157,LTER5,BR,P07,Por,9.6,80,30,34,24,16,Shrinkage,NA,NA,NA,NA
6159,LTER5,BR,P08,Por,3.73,24,78,21,17,19,NA,NA,NA,NA,NA
6162,LTER5,BR,P08,Por,4.5,100,0,35,42,20,NA,NA,NA,NA,NA
6167,LTER5,BR,P08,Por,6.3,100,80,96,69,72,NA,NA,NA,NA,NA
6169,LTER5,BR,P08,Acr,8.4,60,5,7,6,3,Growth,NA,NA,NA,NA
6170,LTER5,BR,P08,Por,9.76,60,0,30.5,27.5,28.2,Missing Data,NA,NA,NA,NA
6172,LTER5,BR,P09,Por,0.6,20,40,26,26,24.7,Shrinkage,NA,NA,NA,NA
6175,LTER5,BR,P09,Por,4.15,85,38,96,69,72.5,Growth,NA,NA,NA,NA
6179,LTER5,BR,P09,Por,6,5,80,55,55,63,Growth,NA,NA,NA,NA
6181,LTER5,BR,P09,Por,7.95,65,82,46.1,46,29,Shrinkage,NA,NA,NA,NA
6184,LTER5,BR,P09,Por,8.22,37,70,44.2,19.5,21.5,Shrinkage,NA,NA,NA,NA
6186,LTER5,BR,T01,Acr,0,5,15,21.3,10.5,9.7,Shrinkage,NA,NA,NA,NA
6194,LTER5,BR,T01,Por,0.28,26,23,4.5,2.7,3.1,Shrinkage,NA,NA,NA,NA
6199,LTER5,BR,T01,Poc,0.4,10,45,24.3,23.5,11.3,Growth,NA,NA,NA,NA
6200,LTER5,BR,T01,Por,0.52,30,10,3.3,2.7,4.7,Growth,NA,NA,NA,NA
6204,LTER5,BR,T01,Por,0.65,14,5,3.9,2.8,2.9,Shrinkage,NA,NA,NA,NA
6206,LTER5,BR,T01,Por,0.9,17,20,7.4,5.3,7.1,Shrinkage,NA,NA,NA,NA
6212,LTER5,BR,T01,Por,0.97,5,35,9.7,8.8,9.3,NA,NA,NA,NA,NA
6225,LTER5,BR,T01,Por,1.09,37,20,5.6,3.7,4.3,Shrinkage,NA,NA,NA,NA
6228,LTER5,BR,T01,Por,1.12,43,15,12.9,10,10.9,Growth,NA,NA,NA,NA
6242,LTER5,BR,T01,Por,1.25,5,52,5.5,4.3,7,Missing Data,NA,NA,NA,NA
6243,LTER5,BR,T01,Por,1.25,45,41,10.2,9.3,8.5,Growth,NA,NA,NA,NA
6247,LTER5,BR,T01,Por,1.29,4,56,8.3,6.8,7.5,Growth,NA,NA,NA,NA
6250,LTER5,BR,T01,Por,1.29,61,27,8.1,6.6,12.2,Shrinkage,NA,NA,NA,NA
6252,LTER5,BR,T01,Poc,1.3,32,50,61.1,19.7,20.8,"Growth, Fusion1",NA,NA,NA,NA
6254,LTER5,BR,T01,Por,1.3,50,44,10.5,8.8,10.2,Growth,NA,NA,NA,NA
6259,LTER5,BR,T01,Por,1.32,56,20,6.5,4,5.3,NA,NA,NA,NA,NA
6260,LTER5,BR,T01,Por,1.32,73,16,11,5,5.5,Shrinkage,NA,NA,NA,NA
6264,LTER5,BR,T01,Por,1.33,68,25,2.8,2.5,6,Growth,NA,NA,NA,NA
6273,LTER5,BR,T01,Por,1.37,73,13,4,2.7,3.2,Shrinkage,NA,NA,NA,NA
6274,LTER5,BR,T01,Por,1.37,79,39,5.1,4.1,4.6,Shrinkage,NA,NA,NA,NA
6275,LTER5,BR,T01,Por,1.37,85,43,3,2,3.4,Shrinkage,NA,NA,NA,NA
6277,LTER5,BR,T01,Por,1.4,47,55,5.9,5,5.9,Growth,NA,NA,NA,NA
6311,LTER5,BR,T01,Por,1.5,96,40,25.2,17.7,11,Growth,NA,NA,NA,NA
6320,LTER5,BR,T01,Por,1.55,0,77,23.9,11.3,21.5,Shrinkage,NA,NA,NA,NA
6352,LTER5,BR,T01,Por,1.66,6,96,6.6,5.2,9.8,Shrinkage,NA,NA,NA,NA
6357,LTER5,BR,T01,Por,1.7,6,97,73,52.2,31.3,NA,NA,NA,NA,NA
6363,LTER5,BR,T01,Por,1.73,61,60,4.7,3.3,7.1,Shrinkage,NA,NA,NA,NA
6376,LTER5,BR,T01,Poc,1.82,90,80,8.5,3.5,3.9,Missing Data,NA,NA,NA,NA
6388,LTER5,BR,T01,Por,1.9,82,57,25.5,29.5,31.6,NA,NA,NA,NA,NA
6408,LTER5,BR,T01,Por,2.05,16,98,40.7,11.8,16.3,Shrinkage,NA,NA,NA,NA
6409,LTER5,BR,T01,Por,2.05,65,69,22.7,15.9,10.3,Shrinkage,NA,NA,NA,NA
6418,LTER5,BR,T01,Por,2.26,45,57,9.3,4,4.5,NA,NA,NA,NA,NA
6419,LTER5,BR,T01,Por,2.3,41,80,6.5,4,9.6,Growth,NA,NA,NA,NA
6421,LTER5,BR,T01,Por,2.35,69,63,13.5,6.3,5.7,NA,NA,NA,NA,NA
6424,LTER5,BR,T01,Por,2.43,43,58,20.5,16.2,15.8,Shrinkage,NA,NA,NA,NA
6427,LTER5,BR,T01,Por,2.48,31,78,9.8,6,14.8,NA,NA,NA,NA,NA
6429,LTER5,BR,T01,Por,2.49,13,87,11.7,11.3,19,NA,NA,NA,NA,NA
6430,LTER5,BR,T01,Por,2.49,33,71,9.6,6,14.3,NA,NA,NA,NA,NA
6437,LTER5,BR,T01,Por,2.58,47,0,7.7,5.7,4.7,Shrinkage,NA,NA,NA,NA
6440,LTER5,BR,T01,Por,2.62,18,76,18.4,18.3,18.5,NA,NA,NA,NA,NA
6446,LTER5,BR,T01,Por,2.72,6,83,7,5.1,6.1,Shrinkage,NA,NA,NA,NA
6447,LTER5,BR,T01,Por,2.75,41,61,22.3,11.7,14.2,Shrinkage,NA,NA,NA,NA
6448,LTER5,BR,T01,Poc,2.85,76,102,27.5,19.8,19.3,Growth,NA,NA,NA,NA
6452,LTER5,BR,T01,Por,2.9,19,69,56,58.3,71.8,NA,NA,NA,NA,NA
6467,LTER5,BR,T01,Por,3.25,7,30,2,0.8,1.4,Shrinkage,NA,NA,NA,NA
6469,LTER5,BR,T01,Por,3.3,81,75,9.5,8,10.4,Shrinkage,NA,NA,NA,NA
6475,LTER5,BR,T01,Por,3.5,0,40,65,73,45,Growth,NA,NA,NA,NA
6480,LTER5,BR,T01,Por,3.8,50,35,8.9,4.8,9.7,Growth,NA,NA,NA,NA
6487,LTER5,BR,T01,Poc,3.9,80,35,31.7,22.9,24.4,Growth,NA,NA,NA,NA
6488,LTER5,BR,T01,Por,3.91,42,35,5.9,5.7,6.3,Growth,NA,NA,NA,NA
6489,LTER5,BR,T01,Por,3.93,44,30,5.3,2.8,5.4,Growth,NA,NA,NA,NA
6500,LTER5,BR,T01,Por,4.17,60,40,5,3.5,6,Growth,NA,NA,NA,NA
6501,LTER5,BR,T01,Por,4.18,56,48,13.6,6.8,11.2,Shrinkage,NA,NA,NA,NA
6504,LTER5,BR,T01,Por,4.2,50,50,11.8,13.4,13,Growth,NA,NA,NA,NA
6521,LTER5,BR,T02,Poc,0.28,9,51,31.2,32.7,26,Shrinkage,NA,NA,NA,NA
6534,LTER5,BR,T02,Por,0.45,25,24,1.5,5,2,Growth,NA,NA,NA,NA
6535,LTER5,BR,T02,Por,0.45,28,16,12.8,13,12.1,Shrinkage,NA,NA,NA,NA
6536,LTER5,BR,T02,Por,0.45,40,27,2.3,0.9,1.2,NA,NA,NA,NA,NA
6537,LTER5,BR,T02,Por,0.46,46,40,2,0.9,3,Shrinkage,NA,NA,NA,NA
6538,LTER5,BR,T02,Por,0.46,90,27,9.1,5.4,4.7,Shrinkage,NA,NA,NA,NA
6541,LTER5,BR,T02,Por,0.47,85,32.1,3.6,2.3,2,Shrinkage,NA,NA,NA,NA
6547,LTER5,BR,T02,Por,0.51,33,30,8.8,3.4,4.5,NA,NA,NA,NA,NA
6552,LTER5,BR,T02,Poc,0.58,58,35,2.7,2.8,2.1,Shrinkage,NA,NA,NA,NA
6556,LTER5,BR,T02,Por,0.6,56,35,4,3.8,4.5,Growth,NA,NA,NA,NA
6565,LTER5,BR,T02,Por,0.74,98,30,6.6,3.7,5,NA,NA,NA,NA,NA
6566,LTER5,BR,T02,Por,0.76,43,40,9.1,5.6,6.7,Growth,NA,NA,NA,NA
6569,LTER5,BR,T02,Por,0.76,91,45,2.2,2,3.7,Growth,NA,NA,NA,NA
6581,LTER5,BR,T02,Por,0.9,58,40,8.9,8.1,7,Growth,NA,NA,NA,NA
6589,LTER5,BR,T02,Poc,0.96,15,70,9.5,8.6,7.5,Growth,NA,NA,NA,NA
6592,LTER5,BR,T02,Por,0.97,26,70,5.4,3.5,5.6,Growth,NA,NA,NA,NA
6598,LTER5,BR,T02,Por,1.05,64,25,7.3,6.8,7.3,Growth,NA,NA,NA,NA
6607,LTER5,BR,T02,Poc,1.18,31,45,1.2,1,0.9,Recruitment,NA,NA,NA,NA
6614,LTER5,BR,T02,Por,1.3,94,40,4.8,4.8,6.2,Shrinkage,NA,NA,NA,NA
6615,LTER5,BR,T02,Por,1.3,96,45,4,2.7,3.1,Growth,NA,NA,NA,NA
6617,LTER5,BR,T02,Por,1.35,47,20,2.8,1.5,2.7,Shrinkage,NA,NA,NA,NA
6621,LTER5,BR,T02,Por,1.43,47,30,3.2,2.4,3.4,Shrinkage,NA,NA,NA,NA
6623,LTER5,BR,T02,Por,1.47,38,15,NA,NA,NA,Death,NA,NA,NA,NA
6632,LTER5,BR,T02,Por,1.72,63,4,NA,NA,NA,Death,NA,NA,NA,NA
6641,LTER5,BR,T02,Por,1.8,89,40,27.8,16.7,9.9,Shrinkage,NA,NA,NA,NA
6645,LTER5,BR,T02,Por,1.89,33,12.8,32.6,17,21.5,Shrinkage,NA,NA,NA,NA
6657,LTER5,BR,T02,Por,2.03,64,22,15,17.7,11.2,Growth,NA,NA,NA,NA
6660,LTER5,BR,T02,Por,2.04,74,28,2,1.5,2.3,Growth,NA,NA,NA,NA
6661,LTER5,BR,T02,Por,2.09,55,21,17,11,16,Growth,NA,NA,NA,NA
6666,LTER5,BR,T02,Por,2.25,25,70,11.1,6.8,10.5,Shrinkage,NA,NA,NA,NA
6670,LTER5,BR,T02,Por,2.3,90,32,3.3,3.7,4.7,Shrinkage,NA,NA,NA,NA
6680,LTER5,BR,T02,Por,2.8,100,30,5.1,3.9,13.7,Shrinkage,NA,NA,NA,NA
6681,LTER5,BR,T02,Por,3.4,51,25,105,76,75,Growth,NA,NA,NA,NA
6688,LTER5,BR,T02,Poc,3.35,95,60,28.5,21.4,20.8,Shrinkage,NA,NA,NA,NA
6691,LTER5,BR,T02,Poc,3.9,90,40,22.1,16.5,15,Missing Data,NA,NA,NA,NA
6698,LTER5,BR,T02,Por,4.24,92,41,27.3,15.8,15.5,NA,NA,NA,NA,NA
6699,LTER5,BR,T02,Por,4.27,44,30,99.6,69.2,52.8,NA,NA,NA,NA,NA
6702,LTER5,BR,T02,Por,4.3,72,25,39.5,22.5,27.7,Shrinkage,NA,NA,NA,NA
6703,LTER5,BR,T02,Por,4.34,92,35,32.5,23.6,15.9,Shrinkage,NA,NA,NA,NA
6708,LTER5,BR,T02,Por,4.8,100,40,20.5,8.5,13.5,NA,NA,NA,NA,NA
6719,LTER5,BR,T03,Poc,0.38,3,59,33.3,26.5,24.4,Growth,NA,NA,NA,NA
6723,LTER5,BR,T03,Poc,0.52,57,75,41.5,38.5,31,Growth,NA,NA,NA,NA
6749,LTER5,BR,T03,Poc,1.1,78,50,1,1,1,Recruitment,NA,NA,NA,NA
6754,LTER5,BR,T03,Por,1.13,91,27,33.5,37,41,NA,NA,NA,NA,NA
6772,LTER5,BR,T03,Por,1.3,27,20,22.5,66,73,Growth,NA,NA,NA,NA
6790,LTER5,BR,T03,Poc,1.59,40,30,14.8,15.8,12.5,Missing Data,NA,NA,NA,NA
6791,LTER5,BR,T03,Poc,1.79,50,20,10.5,7,10.5,Missing Data,NA,NA,NA,NA
6792,LTER5,BR,T03,Por,1.97,5,0,132,99,123,NA,NA,NA,NA,NA
6793,LTER5,BR,T03,Por,1.97,25,10,2,2,1,Recruitment,NA,NA,NA,NA
6794,LTER5,BR,T03,Por,2,30,0,87.7,83,69,Growth,NA,NA,NA,NA
6795,LTER5,BR,T03,Por,2.78,3,30,7.2,7.24,6.4,NA,NA,NA,NA,NA
6803,LTER5,BR,T03,Por,3.2,27,60,6.5,14,13,Shrinkage,NA,NA,NA,NA
6805,LTER5,BR,T03,Acr,3.3,0,20,86,44.5,31,Growth,NA,NA,NA,NA
6808,LTER5,BR,T03,Por,3.65,11,52,10.9,7.9,4.9,Growth,NA,NA,NA,NA
6809,LTER5,BR,T03,Por,3.68,66,52,19,6.8,17.1,Growth,NA,NA,NA,NA
6810,LTER5,BR,T03,Por,3.7,30,30,4,4,2,Recruitment,NA,NA,NA,NA
6811,LTER5,BR,T03,Poc,3.78,42,30,7.5,7,5,Missing Data,NA,NA,NA,NA
6815,LTER5,BR,T03,Por,3.8,20,65,4.2,3.2,3,Shrinkage,NA,NA,NA,NA
6818,LTER5,BR,T03,Poc,3.95,27,40,19.9,8.5,7.5,Missing Data,NA,NA,NA,NA
6819,LTER5,BR,T03,Poc,3.95,45,56,21,10,19,Growth,NA,NA,NA,NA
6820,LTER5,BR,T03,Por,3.95,55,10,6.5,9.5,15,Missing Data,NA,NA,NA,NA
6821,LTER5,BR,T03,Por,4.02,50,50,7.4,6.5,6,Missing Data,NA,NA,NA,NA
6822,LTER5,BR,T03,Poc,4.03,42,50,2,2,2,Recruitment,NA,NA,NA,NA
6826,LTER5,BR,T03,Poc,4.12,18,70,1,1,1,Recruitment,NA,NA,NA,NA
6827,LTER5,BR,T03,Acr,4.3,40,5,45.5,18.5,26,Growth,NA,NA,NA,NA
6831,LTER5,BR,T03,Por,4.18,35,60,8,5.5,17.5,Growth,NA,NA,NA,NA
6833,LTER5,BR,T03,Por,4.35,45,10,10.5,9,12.5,Growth,NA,NA,NA,NA
6838,LTER5,BR,T03,Por,4.5,30,0,11.4,6.2,2.5,NA,NA,NA,NA,NA
6859,LTER5,BR,T03,Por,5,80,30,12.5,9,8,Shrinkage,NA,NA,NA,NA
6862,LTER5,BR,T04,Por,0.02,73,50,90,68,30,NA,NA,NA,NA,NA
6866,LTER5,BR,T04,Por,0.1,90,20,45,38,19,Growth,NA,NA,NA,NA
6871,LTER5,BR,T04,Poc,0.15,70,50,4,5,6,Growth,NA,NA,NA,NA
6872,LTER5,BR,T04,Poc,0.2,25,50,4,4,4,Recruitment,NA,NA,NA,NA
6873,LTER5,BR,T04,Por,0.2,71,30,2,2,2,NA,NA,NA,NA,NA
6876,LTER5,BR,T04,Por,0.24,84,20,8,7,7,Growth,NA,NA,NA,NA
6877,LTER5,BR,T04,Acr,0.25,20,30,35,30,8,Growth,NA,NA,NA,NA
6879,LTER5,BR,T04,Por,0.25,80,20,4,4,3.5,Growth,NA,NA,NA,NA
6884,LTER5,BR,T04,Por,0.33,85,40,4,2,4,Shrinkage,NA,NA,NA,NA
6888,LTER5,BR,T04,Poc,0.37,33,20,6,6,8,Shrinkage,NA,NA,NA,NA
6907,LTER5,BR,T04,Por,0.69,90,0,37,32,24,Shrinkage,NA,NA,NA,NA
6911,LTER5,BR,T04,Por,1,1,10,6.9,6.9,5.9,Growth,NA,NA,NA,NA
6918,LTER5,BR,T04,Por,1.16,1,14,66,60,77.5,Growth,NA,NA,NA,NA
6923,LTER5,BR,T04,Poc,1.18,100,0,37.5,30,24.5,Missing Data,NA,NA,NA,NA
6924,LTER5,BR,T04,Por,1.19,5,20,29.5,20.5,22.5,Growth,NA,NA,NA,NA
6932,LTER5,BR,T04,Acr,1.79,80,0,5.8,3.5,2.5,Recruitment,NA,NA,NA,NA
6934,LTER5,BR,T04,Poc,1.8,80,50,27.5,17,18,Missing Data,NA,NA,NA,NA
6938,LTER5,BR,T04,Poc,2.05,80,65,20,15,15,NA,NA,NA,NA,NA
6940,LTER5,BR,T04,Por,2.27,46,11,29.5,20.5,22.5,Shrinkage,NA,NA,NA,NA
6943,LTER5,BR,T04,Poc,2.7,5,80,22.5,21.5,17,Shrinkage,NA,NA,NA,NA
6945,LTER5,BR,T04,Por,2.9,60,20,15,12.5,13,Shrinkage,NA,NA,NA,NA
6951,LTER5,BR,T04,Poc,3.1,50,60,34.5,27,37.2,Growth,NA,NA,NA,NA
6957,LTER5,BR,T04,Poc,3.45,90,120,8,8,8,Growth,NA,NA,NA,NA
6960,LTER5,BR,T04,Por,3.92,83,160,48,49,49,Shrinkage,NA,NA,NA,NA
6963,LTER5,BR,T04,Poc,4.1,10,120,24.4,20,21,Growth,NA,NA,NA,NA
6973,LTER5,BR,T04,Poc,4.45,50,140,10,30,40,Growth,NA,NA,NA,NA
6977,LTER5,BR,T04,Poc,4.5,50,80,25,26,29.5,Growth,NA,NA,NA,NA
6985,LTER5,BR,T04,Poc,4.7,0,40,52,60,32,Missing Data,NA,NA,NA,NA
6990,LTER5,BR,T04,Por,4.9,80,60,27.5,20.8,25.5,Shrinkage,NA,NA,NA,NA
6993,LTER5,BR,T04,Por,5,70,80,8,9,9,Shrinkage,NA,NA,NA,NA
6994,LTER5,OR,T01,Poc,0,5,0,17.5,14.5,13.7,Missing Data,NA,NA,NA,NA
6997,LTER5,OR,T01,Poc,0,59,0,16.4,14.4,8.25,NA,NA,NA,NA,NA
7004,LTER5,OR,T01,Acr,0.2,8,0,9.5,6.8,9.9,Growth,NA,NA,NA,NA
7006,LTER5,OR,T01,Acr,0.25,21,0,11,9.2,11.3,NA,NA,NA,NA,NA
7011,LTER5,OR,T01,Poc,0.28,65,0,1,1,1,Recruitment,NA,NA,NA,NA
7015,LTER5,OR,T01,Por,0.3,0,0,3,2.5,2,Shrinkage,NA,NA,NA,NA
7053,LTER5,OR,T01,Por,0.73,24,4,9.8,6.7,6.7,Shrinkage,NA,NA,NA,NA
7054,LTER5,OR,T01,Por,0.73,30,0,5,3.3,2.8,Growth,NA,NA,NA,NA
7061,LTER5,OR,T01,Acr,0.8,0,0,10.7,6.7,7,Growth,NA,NA,NA,NA
7066,LTER5,OR,T01,Por,0.82,36,0,1,1,1,Recruitment,NA,NA,NA,NA
7070,LTER5,OR,T01,Por,0.9,21,0,6.7,7.8,2.4,Growth,NA,NA,NA,NA
7080,LTER5,OR,T01,Acr,1,25,0,3.8,3.8,3.5,Growth,NA,NA,NA,NA
7083,LTER5,OR,T01,Por,1.25,50,0,20.8,14.7,14.8,Growth,NA,NA,NA,NA
7089,LTER5,OR,T01,Acr,1.45,53,0,3.5,1.8,1.8,Shrinkage,NA,NA,NA,NA
7092,LTER5,OR,T01,Acr,1.65,32,0,14.8,10.9,8,Growth,NA,NA,NA,NA
7101,LTER5,OR,T01,Poc,2.08,75,0,1,1,1,Recruitment,NA,NA,NA,NA
7103,LTER5,OR,T01,Por,2.1,15,10,19.4,15.8,12.2,Growth,NA,NA,NA,NA
7104,LTER5,OR,T01,Poc,2.35,75,0,2.3,2.2,2.2,Recruitment,NA,NA,NA,NA
7105,LTER5,OR,T01,Acr,2.49,75,0,3.2,3.2,2.1,Shrinkage,NA,NA,NA,NA
7106,LTER5,OR,T01,Acr,2.6,93,0,15.8,9.2,11.2,Shrinkage,NA,NA,NA,NA
7111,LTER5,OR,T01,Acr,2.85,15,0,10.2,6.5,6.2,Growth,NA,NA,NA,NA
7116,LTER5,OR,T01,Acr,3.03,40,0,8.9,6.8,7,NA,NA,NA,NA,NA
7130,LTER5,OR,T01,Por,3.5,50,0,14,10.7,7,Growth,NA,NA,NA,NA
7136,LTER5,OR,T01,Acr,3.49,82,6,4.4,4,3,NA,NA,NA,NA,NA
7138,LTER5,OR,T01,Por,3.5,71,6,15,10,7.2,Growth,NA,NA,NA,NA
7141,LTER5,OR,T01,Acr,3.53,90,7,6,4,3.1,NA,NA,NA,NA,NA
7143,LTER5,OR,T01,Poc,3.68,40,0,1,1,1,Recruitment,NA,NA,NA,NA
7157,LTER5,OR,T01,Por,4.3,70,10,46,44.5,22.5,NA,NA,NA,NA,NA
7160,LTER5,OR,T01,Acr,4.5,20,0,10.5,5.8,7,Growth,NA,NA,NA,NA
7164,LTER5,OR,T01,Poc,4.7,50,0,2.5,2.5,2,Recruitment,NA,NA,NA,NA
7173,LTER5,OR,T02,Poc,0.05,37,0,1,1,1,Recruitment,NA,NA,NA,NA
7178,LTER5,OR,T02,Poc,0.15,75,0,1,NA,1,NA,NA,NA,NA,NA
7185,LTER5,OR,T02,Acr,0.24,95,0,2,NA,2,NA,NA,NA,NA,NA
7188,LTER5,OR,T02,Acr,0.26,95,0,11.5,9.5,9.5,NA,NA,NA,NA,NA
7192,LTER5,OR,T02,Poc,0.3,75,0,14,11.7,10.2,Growth,NA,NA,NA,NA
7214,LTER5,OR,T02,Poc,0.58,33,5,6,5.8,4.3,NA,NA,NA,NA,NA
7218,LTER5,OR,T02,Poc,0.6,45,0,1,1,1,Recruitment,NA,NA,NA,NA
7243,LTER5,OR,T02,Por,1,55,0,36,28,18,Growth,NA,NA,NA,NA
7245,LTER5,OR,T02,Acr,1.1,84,0,10.5,9.9,7,Growth,NA,NA,NA,NA
7247,LTER5,OR,T02,Acr,1.25,35,0,7.6,7.3,5.2,Growth,NA,NA,NA,NA
7252,LTER5,OR,T02,Acr,1.55,19,0,2.3,2.3,1.4,Recruitment,NA,NA,NA,NA
7253,LTER5,OR,T02,Poc,1.71,35,0,1,1,1,Recruitment,NA,NA,NA,NA
7254,LTER5,OR,T02,Acr,1.8,17,0,8.5,8.3,7.5,Growth,NA,NA,NA,NA
7255,LTER5,OR,T02,Acr,1.8,80,10,8.3,5.2,7.5,Shrinkage,NA,NA,NA,NA
7258,LTER5,OR,T02,Poc,1.95,45,0,1,1,NA,NA,NA,NA,NA,NA
7261,LTER5,OR,T02,Acr,2.01,19,0,1,1.5,1.1,Recruitment,NA,NA,NA,NA
7262,LTER5,OR,T02,Acr,2.1,90,0,8.5,7.5,7.4,Growth,NA,NA,NA,NA
7265,LTER5,OR,T02,Acr,2.4,24,0,10.6,9,8.3,Growth,NA,NA,NA,NA
7267,LTER5,OR,T02,Acr,2.71,50,0,1,1,1,Recruitment,NA,NA,NA,NA
7268,LTER5,OR,T02,Acr,2.71,52,0,1,1,1,Recruitment,NA,NA,NA,NA
7280,LTER5,OR,T02,Acr,3.45,45,0,8,8,6.4,NA,NA,NA,NA,NA
7286,LTER5,OR,T02,Acr,3.75,70,0,6.7,6.2,6.3,Growth,NA,NA,NA,NA
7303,LTER5,OR,T02,Acr,4.9,50,0,10,6.5,6,NA,NA,NA,NA,NA
7333,LTER5,OR,T03,Poc,0.05,48,1,1,0.6,0.6,Recruitment,NA,NA,NA,NA
7335,LTER5,OR,T03,Poc,0.06,54,1,1.5,1.2,1.1,Recruitment,NA,NA,NA,NA
7337,LTER5,OR,T03,Acr,0.1,23,0,0.7,0.5,0.2,Recruitment,NA,NA,NA,NA
7338,LTER5,OR,T03,Acr,0.1,24,0,1,0.9,0.4,Recruitment,NA,NA,NA,NA
7340,LTER5,OR,T03,Acr,0.12,22,3,6.3,5.3,5.4,Missing Data,NA,NA,NA,NA
7341,LTER5,OR,T03,Acr,0.12,56,3,1.1,0.8,0.9,Recruitment,NA,NA,NA,NA
7347,LTER5,OR,T03,Poc,0.23,70,4,1.7,1.4,1.3,Recruitment,NA,NA,NA,NA
7348,LTER5,OR,T03,Acr,0.23,92,6,1.5,1.1,1,Recruitment,NA,NA,NA,NA
7349,LTER5,OR,T03,Poc,0.24,71,4,1.3,0.9,1.5,Recruitment,NA,NA,NA,NA
7354,LTER5,OR,T03,Poc,0.25,100,6,1.3,0.7,0.6,Recruitment,NA,NA,NA,NA
7355,LTER5,OR,T03,Poc,0.27,67,8,1.2,1.3,1,Recruitment,NA,NA,NA,NA
7356,LTER5,OR,T03,Poc,0.27,68,7,1.1,0.7,1.4,Recruitment,NA,NA,NA,NA
7358,LTER5,OR,T03,Poc,0.28,73,4,0.9,1,0.6,Recruitment,NA,NA,NA,NA
7363,LTER5,OR,T03,Poc,0.32,64,7,1.7,0.9,0.6,Recruitment,NA,NA,NA,NA
7364,LTER5,OR,T03,Poc,0.36,66,4,2.1,2.1,1.7,Growth,NA,NA,NA,NA
7366,LTER5,OR,T03,Poc,0.4,31,2,1.8,0.9,1.2,Recruitment,NA,NA,NA,NA
7368,LTER5,OR,T03,Acr,0.4,60,0,6.3,3.8,5.2,Growth,NA,NA,NA,NA
7377,LTER5,OR,T03,Poc,0.51,64,7,1.3,1.2,1.3,Recruitment,NA,NA,NA,NA
7378,LTER5,OR,T03,Poc,0.52,64,7,1,0.6,0.7,Recruitment,NA,NA,NA,NA
7379,LTER5,OR,T03,Por,0.73,92,15,15.6,15.1,13.7,NA,NA,NA,NA,NA
7380,LTER5,OR,T03,Poc,0.54,61,7,1.2,0.5,0.4,Recruitment,NA,NA,NA,NA
7382,LTER5,OR,T03,Poc,0.55,8,6,NA,NA,NA,Death,NA,NA,NA,NA
7384,LTER5,OR,T03,Poc,0.57,57,7,NA,NA,NA,Death,NA,NA,NA,NA
7404,LTER5,OR,T03,Poc,0.8,79,35,10.4,5.7,8.3,Growth,NA,NA,NA,NA
7413,LTER5,OR,T03,Poc,0.88,57,6,20.2,13.9,10.3,Missing Data,NA,NA,NA,NA
7418,LTER5,OR,T03,Poc,0.93,48,3,7.2,6.2,5.9,Missing Data,NA,NA,NA,NA
7427,LTER5,OR,T03,Por,1,27,4,8.5,5.7,8,NA,NA,NA,NA,NA
7451,LTER5,OR,T03,Por,2.75,24,0,4.4,4.1,2.2,Shrinkage,NA,NA,NA,NA
7456,LTER5,OR,T03,Acr,3.28,50,4,8.5,7,5.6,Missing Data,NA,NA,NA,NA
7460,LTER5,OR,T03,Por,3.4,54,0,9,6.7,3.8,Shrinkage,NA,NA,NA,NA
7463,LTER5,OR,T03,Mil,3.4,88,5,19.3,12.2,10.7,NA,NA,NA,NA,NA
7466,LTER5,OR,T03,Acr,4.3,6,6,7.7,6.5,4.7,Missing Data,NA,NA,NA,NA
7468,LTER5,OR,T03,Acr,4.44,0,5,5.6,4.3,5.7,Growth,NA,NA,NA,NA
7470,LTER5,OR,T03,Acr,4.72,42,1,3.9,3.9,0.7,Shrinkage,NA,NA,NA,NA
7471,LTER5,OR,T03,Por,4.75,60,0,9.5,8,4,Growth,NA,NA,NA,NA
7472,LTER5,OR,T03,Acr,4.85,77,3,6.6,5.2,4.6,Missing Data,NA,NA,NA,NA
7562,LTER5,OR,T04,Por,0.13,46,2,10.5,7.7,4.7,Growth,NA,NA,NA,NA
7564,LTER5,OR,T04,Poc,0.2,14,1,2.6,2.5,1.1,Growth,NA,NA,NA,NA
7565,LTER5,OR,T04,Poc,0.21,45,3,0.6,0.3,0.5,Recruitment,NA,NA,NA,NA
7566,LTER5,OR,T04,Por,0.25,50,2,3.2,2.2,1.9,Growth,NA,NA,NA,NA
7568,LTER5,OR,T04,Poc,0.33,44,3,1.1,0.5,0.6,Recruitment,NA,NA,NA,NA
7569,LTER5,OR,T04,Poc,0.34,44,3,1.4,0.7,1.1,Recruitment,NA,NA,NA,NA
7571,LTER5,OR,T04,Poc,0.37,50,3,1.9,1.6,1.8,Growth,NA,NA,NA,NA
7573,LTER5,OR,T04,Poc,0.4,27,4,4,1.7,1.6,Recruitment,NA,NA,NA,NA
7574,LTER5,OR,T04,Por,0.5,77,0,5.6,3.9,1.7,Growth,NA,NA,NA,NA
7576,LTER5,OR,T04,Poc,0.6,31,3,1.1,0.9,0.8,Recruitment,NA,NA,NA,NA
7579,LTER5,OR,T04,Poc,0.7,41,3,2.6,2.1,2.1,Growth,NA,NA,NA,NA
7580,LTER5,OR,T04,Poc,0.75,49,2,2.7,1.8,2.3,Recruitment,NA,NA,NA,NA
7582,LTER5,OR,T04,Por,0.75,89,1,1.8,1.3,1.4,Growth,NA,NA,NA,NA
7590,LTER5,OR,T04,Por,1.3,90,10,20.7,14.9,9.6,Growth,NA,NA,NA,NA
7595,LTER5,OR,T04,Acr,1.87,22,14,3,2.6,1.7,Recruitment,NA,NA,NA,NA
7596,LTER5,OR,T04,Por,2,8,10,10.8,11.4,7.3,Growth,NA,NA,NA,NA
7603,LTER5,OR,T04,Acr,3,30,5,8.699999999999998,7.8,5.4,Growth,NA,NA,NA,NA
7604,LTER5,OR,T04,Acr,3.05,90,3,6.6,5.7,9,Growth,NA,NA,NA,NA
7605,LTER5,OR,T04,Acr,3.1,92,4,2.1,1.5,0.2,Recruitment,NA,NA,NA,NA
7606,LTER5,OR,T04,Por,3.2,8,2,35.2,15.5,11,Growth,NA,NA,NA,NA
7607,LTER5,OR,T04,Acr,3.25,63,3,8.6,6,6.6,Growth,NA,NA,NA,NA
7610,LTER5,OR,T04,Acr,3.41,52,4,6.8,5,3.5,Growth,NA,NA,NA,NA
7613,LTER5,OR,T04,Mil,3.75,94,3,13,9,7.1,Growth,NA,NA,NA,NA
