coral_number,site,habitat,transect,taxa,x,y,z,year,length,width,height,observer,note,note_extra,fusion_group,fission_group,growth_ratio,dynamics
4349,LTER4,BR,P09,Por,5.8,10,5,2019,D,D,D,JG,D,"""Fission""",NA,NA,NA,"death,fission"
6114,LTER5,BR,P05,Por,6,60,20,2019,D,D,D,HSL,D,"""fission all small""",NA,NA,NA,"death,fission"
467,LTER1,BR,T01,Poc,0.05,33,50,2019,5,5.5,5,EW,D,D,NA,NA,1.7032967032967037,"death,growth"
924,LTER1,BR,T03,Poc,2.88,52,65,2019,33.700000000000003,30.2,19.5,HSL,D,UK,NA,NA,1.2086956521739132,"death,growth"
932,LTER1,BR,T03,Acr,2.97,75,52,2019,11.5,10,6.5,HSL,D,UK,NA,NA,1.25,"death,growth"
1244,LTER1,OR,T01,Acr,0.02,58,0,2019,4,2.5,3.5,Na,D,Na,NA,NA,1.2195121951219514,"death,growth"
1247,LTER1,OR,T01,Poc,0.03,85,13,2019,22,14,22,UK,D,UK,NA,NA,1.037567084078712,"death,growth"
1269,LTER1,OR,T01,Poc,0.1,100,9,2019,27,24,18,Na,D,Na,NA,NA,1.5646258503401362,"death,growth"
1485,LTER1,OR,T02,Poc,0,36,0,2019,2.2999999999999998,2.2999999999999998,1.5,Na,D,Na,NA,NA,1.1090909090909091,"death,growth"
1533,LTER1,OR,T02,Acr,0.4,71,15,2019,12,6,10,Na,D,Na,NA,NA,1.0980392156862746,"death,growth"
1614,LTER1,OR,T02,Acr,3.78,96,9,2019,17,15,16,Na,D,Na,NA,NA,1.0526315789473684,"death,growth"
1621,LTER1,OR,T02,Acr,4.9,86,5,2019,15,9,7,Na,D,Na,NA,NA,1.0032362459546924,"death,growth"
1641,LTER1,OR,T03,Poc,0.02,98,8,2019,37.200000000000003,33.5,28,Na,D,Na,NA,NA,1.0728260869565218,"death,growth"
1647,LTER1,OR,T03,Poc,0.05,74,3,2019,27.7,19.899999999999999,19.899999999999999,Na,D,Na,NA,NA,1.1120263591433277,"death,growth"
1652,LTER1,OR,T03,Poc,0.09,7,15,2019,34.299999999999997,33.200000000000003,31,Na,D,Na,NA,NA,1.0753275109170306,"death,growth"
1654,LTER1,OR,T03,Poc,0.13,86,7,2019,22.5,21.9,21.1,Na,D,Na,NA,NA,1.0844370860927153,"death,growth"
1655,LTER1,OR,T03,Acr,0.15,32,5,2019,14.2,9.3000000000000007,12.7,Na,D,Na,NA,NA,1.0870870870870872,"death,growth"
1656,LTER1,OR,T03,Acr,0.16,16,3,2019,31.4,29.5,21.6,Na,D,Na,NA,NA,1.064516129032258,"death,growth"
1657,LTER1,OR,T03,Poc,0.16,24,13,2019,37,29.2,31,Na,D,Na,NA,NA,1.0318471337579618,"death,growth"
1660,LTER1,OR,T03,Acr,0.18,17,0,2019,15.3,18.8,12.7,Na,D,Na,NA,NA,1.3684210526315788,"death,growth"
1661,LTER1,OR,T03,Poc,0.19,29,9,2019,29.5,30.5,23.6,Na,D,Na,NA,NA,1.0857142857142856,"death,growth"
1667,LTER1,OR,T03,Poc,0.24,3,15,2019,33.200000000000003,32.1,21.7,Na,D,Na,NA,NA,1.058394160583942,"death,growth"
1673,LTER1,OR,T03,Poc,0.29,10,11,2019,44.7,40.5,30.8,Na,D,Na,NA,NA,1.0497737556561086,"death,growth"
1684,LTER1,OR,T03,Poc,0.45,29,8,2019,25.3,23.5,20,Na,D,Na,NA,NA,1.1205211726384363,"death,growth"
1698,LTER1,OR,T03,Poc,0.63,12,12,2019,31.5,33.200000000000003,16,Na,D,Na,NA,NA,1.070291777188329,"death,growth"
1699,LTER1,OR,T03,Poc,0.64,20,10,2019,29,22.6,20.5,Na,D,Na,NA,NA,1.1230529595015577,"death,growth"
1700,LTER1,OR,T03,Poc,0.64,23,9,2019,10.6,17.2,15.8,EW,D,UK,NA,NA,1.10941475826972,"death,growth"
1702,LTER1,OR,T03,Poc,0.64,75,3,2019,33.700000000000003,28.8,18.8,Na,D,Na,NA,NA,1.1697841726618703,"death,growth"
1711,LTER1,OR,T03,Poc,0.7,96,14,2019,35.200000000000003,29.8,26.5,Na,D,Na,NA,NA,1.1567635903919091,"death,growth"
1732,LTER1,OR,T03,Poc,0.85,39,11,2019,29.5,29,22.2,Na,D,Na,NA,NA,1.1009549795361528,"death,growth"
1743,LTER1,OR,T03,Poc,0.93,45,6,2019,28,22.6,21.4,Na,D,Na,NA,NA,1.2,"death,growth"
1748,LTER1,OR,T03,Poc,0.97,42,8,2019,36.299999999999997,31.8,26.8,Na,D,Na,NA,NA,1.0784090909090909,"death,growth"
1753,LTER1,OR,T03,Poc,0.97,78,9,2019,32.5,33.200000000000003,12.8,Na,D,Na,NA,NA,1.0709413369713507,"death,growth"
1756,LTER1,OR,T03,Poc,1,30,7,2019,29.9,28.7,18.8,Na,D,Na,NA,NA,1.148367952522255,"death,growth"
1764,LTER1,OR,T03,Acr,2.53,92,4,2019,19.5,13.5,13.5,Na,D,Na,NA,NA,1.0592255125284735,"death,growth"
1767,LTER1,OR,T03,Acr,3.72,36,12,2019,24.5,21,25.3,Na,D,Na,NA,NA,1.0662650602409638,"death,growth"
1780,LTER1,OR,T04,Poc,0.02,100,5,2019,42.7,39.6,29.3,Na,D,Na,NA,NA,1.0508474576271187,"death,growth"
1783,LTER1,OR,T04,Poc,0.05,90,3,2019,25.3,24,22.7,Na,D,Na,NA,NA,1.0588235294117647,"death,growth"
1799,LTER1,OR,T04,Poc,0.17,99,10,2019,11.8,10.1,8.3000000000000007,Na,D,Na,NA,NA,1.208,"death,growth"
1806,LTER1,OR,T04,Poc,0.21,36,7,2019,17,17.100000000000001,13.2,Na,D,Na,NA,NA,1.112941176470588,"death,growth"
1812,LTER1,OR,T04,Poc,0.23,97,0,2019,17.5,12,12.5,Na,D,Na,NA,NA,1.189801699716714,"death,growth"
1917,LTER1,OR,T04,Poc,0.89,30,6,2019,19.5,19,12.7,Na,D,Na,NA,NA,1.098712446351931,"death,growth"
1932,LTER1,OR,T04,Poc,0.95,78,9,2019,31.5,30.2,30.7,Na,D,Na,NA,NA,1.0547945205479454,"death,growth"
1938,LTER1,OR,T04,Poc,0.97,39,3,2019,23.1,19.2,13.7,Na,D,Na,NA,NA,1.1177644710578845,"death,growth"
1943,LTER1,OR,T04,Poc,1,86,7,2019,36.200000000000003,28.2,25.7,Na,D,Na,NA,NA,1.2208672086720866,"death,growth"
1948,LTER1,OR,T04,Acr,1.96,90,8,2019,30.5,26.5,16,Na,D,Na,NA,NA,1.1459968602825743,"death,growth"
1950,LTER1,OR,T04,Acr,2.45,30,0,2019,9,5.7,6,Na,D,Na,NA,NA,1.29375,"death,growth"
1953,LTER1,OR,T04,Acr,3.55,65,0,2019,5,6.1,2.5,Na,D,Na,NA,NA,1.4020618556701032,"death,growth"
1955,LTER1,OR,T04,Acr,3.67,76,7,2019,10,8.5,9,Na,D,Na,NA,NA,1.1224489795918366,"death,growth"
1957,LTER1,OR,T04,Acr,3.77,87,0,2019,9.5,9,9.6999999999999993,Na,D,Na,NA,NA,1.1652892561983472,"death,growth"
2169,LTER2,BR,P05,Acr,3.2,55,70,2019,12,9.5,7,JG,D,UK,NA,NA,2.0652173913043477,"death,growth"
2170,LTER2,BR,P05,Acr,3.2,56,69,2019,7,7,5,JG,D,UK,NA,NA,4.222222222222222,"death,growth"
2171,LTER2,BR,P05,Acr,3.2,56,70,2019,18,18,25,JG,D,UK,NA,NA,1.1730769230769231,"death,growth"
2172,LTER2,BR,P05,Acr,3.2,60,70,2019,31,18,10,JG,D,UK,NA,NA,1.156862745098039,"death,growth"
2173,LTER2,BR,P05,Acr,3.2,77,70,2019,18,9,3,JG,D,UK,NA,NA,3,"death,growth"
2221,LTER2,BR,P07,Acr,7.55,60,80,2019,62,48,15,JG,D,UK,NA,NA,1.2626262626262623,"death,growth"
2260,LTER2,BR,P09,Acr,8.4,40,30,2019,10,7,6,JG,D,UK,NA,NA,1.07981220657277,"death,growth"
3208,LTER2,OR,T01,Poc,0.75,26,7,2019,12,9,9,HSL,D,Na,NA,NA,1.1320754716981132,"death,growth"
3239,LTER2,OR,T01,Acr,1.06,5,11,2019,25.5,18.5,18,HSL,D,Na,NA,NA,1.1900191938579654,"death,growth"
3271,LTER2,OR,T01,Acr,4.65,28,7,2019,23,17.5,16.8,Na,D,Na,NA,NA,1.287640449438202,"death,growth"
3381,LTER2,OR,T03,Acr,0.04,17,7,2019,17,15,8,Na,D,Na,NA,NA,2.1052631578947367,"death,growth"
3989,LTER4,BR,P02,Poc,4.24,80,80,2019,4.3,3.7,3.4,JG,D,Gone,NA,NA,2.150943396226415,"death,growth"
3991,LTER4,BR,P02,Poc,4.35,75,9,2019,5,3.7,4.0999999999999996,JG,D,D,NA,NA,3.764705882352941,"death,growth"
3998,LTER4,BR,P02,Poc,4.85,85,56,2019,9,7.4,5.5,JG,D,Gone,NA,NA,1.1347150259067356,"death,growth"
4117,LTER4,BR,P03,Acr,6.5,32,30,2019,11,12,12,JG,D,UK,NA,NA,1.4957264957264955,"death,growth"
4142,LTER4,BR,P05,Por,0,50,12,2019,110,96,64,JG,D,D,NA,NA,1.1946902654867255,"death,growth"
4158,LTER4,BR,P05,Acr,3.8,81,70,2019,11,6,8,JG,D,UK,NA,NA,1.9230769230769231,"death,growth"
4159,LTER4,BR,P05,Acr,3.81,80,69,2019,5.2,5,6,JG,D,UK,NA,NA,3.115384615384615,"death,growth"
4160,LTER4,BR,P05,Acr,3.81,81,68,2019,5,5,3,JG,D,UK,NA,NA,2.888888888888889,"death,growth"
4174,LTER4,BR,P05,Acr,4.63,25,40,2019,9.6,9,3,JG,D,UK,NA,NA,2.273684210526316,"death,growth"
4178,LTER4,BR,P05,Acr,5.05,16,20,2019,11.7,9.1999999999999993,6.5,JG,D,UK,NA,NA,1.4421052631578946,"death,growth"
4232,LTER4,BR,P06,Acr,4,70,30,2019,10,8,4,JG,D,UK,NA,NA,1.2941176470588236,"death,growth"
4237,LTER4,BR,P06,Acr,4.5,80,30,2019,20.100000000000001,9,3,JG,D,UK,NA,NA,2.9181818181818184,"death,growth"
4246,LTER4,BR,P06,Acr,5.55,40,100,2019,10,9,4.5,JG,D,UK,NA,NA,1.8076923076923077,"death,growth"
4247,LTER4,BR,P06,Acr,5.6,40,100,2019,12.5,11,5.3,JG,D,UK,NA,NA,1.6457142857142857,"death,growth"
4249,LTER4,BR,P06,Acr,5.8,40,100,2019,9.5,7.5,7,JG,D,UK,NA,NA,2.474226804123711,"death,growth"
4250,LTER4,BR,P06,Acr,5.9,30,100,2019,4,5.2,4.5,JG,D,UK,NA,NA,3.914285714285714,"death,growth"
4261,LTER4,BR,P06,Acr,8.7,15,95,2019,21,10,14,JG,D,UK,NA,NA,1.0843373493975903,"death,growth"
4263,LTER4,BR,P06,Acr,8.8,50,100,2019,10,4.5,3.9,JG,D,UK,NA,NA,1.84,"death,growth"
4309,LTER4,BR,P08,Acr,0.3,60,20,2019,9.5,9,8.8000000000000007,JG,D,UK,NA,NA,1.5423728813559323,"death,growth"
4379,LTER4,BR,P09,Acr,8.14,51,65,2019,24,13,10,JG,D,UK,NA,NA,1.1662531017369728,"death,growth"
4645,LTER4,BR,T01,Poc,2.4,25,5,2019,5,5.6,5,EW,D,UK,NA,NA,1.4716981132075473,"death,growth"
5335,LTER4,OR,T01,Acr,0.3,13,12,2019,24.3,21.5,14.7,HSL,D,UK,NA,NA,1.2604166666666667,"death,growth"
5398,LTER4,OR,T01,Acr,1.05,24,20,2019,4,4.5,4,HSL,D,UK,NA,NA,1.6233766233766236,"death,growth"
5404,LTER4,OR,T01,Acr,1.6,97,7,2019,25,23.5,11.5,HSL,D,UK,NA,NA,1.1070110701107012,"death,growth"
5407,LTER4,OR,T01,Acr,2.41,40,7,2019,29.7,28.8,19,HSL,D,UK,NA,NA,1.3247863247863247,"death,growth"
5410,LTER4,OR,T01,Acr,2.7,48,0,2019,15,10,7,HSL,D,UK,NA,NA,1.28,"death,growth"
5415,LTER4,OR,T01,Acr,3.2,25,5,2019,12.5,11.5,9.5,HSL,D,UK,NA,NA,1.3786008230452675,"death,growth"
5437,LTER4,OR,T01,Acr,4.82,81,6,2019,25,18,24,HSL,D,UK,NA,NA,1.1611785095320624,"death,growth"
5438,LTER4,OR,T01,Acr,4.85,95,20,2019,7,7,5,HSL,D,UK,NA,NA,1.484375,"death,growth"
5443,LTER4,OR,T02,Acr,0,40,0,2019,9,8,7,EW,D,UK,NA,NA,1.355932203389831,"death,growth"
5444,LTER4,OR,T02,Acr,0,65,0,2019,5,3.5,3,EW,D,UK,NA,NA,1.6666666666666663,"death,growth"
5538,LTER4,OR,T02,Acr,1.1,7,0,2019,12,10,9,EW,D,UK,NA,NA,1.319148936170213,"death,growth"
5542,LTER4,OR,T02,Acr,1.15,60,0,2019,13,10,9,EW,D,UK,NA,NA,1.5841584158415842,"death,growth"
5547,LTER4,OR,T02,Acr,1.39,45,0,2019,7,7,4,EW,D,UK,NA,NA,1.3846153846153846,"death,growth"
5558,LTER4,OR,T02,Acr,2.1,50,0,2019,12,12,10,EW,D,UK,NA,NA,1.3076923076923077,"death,growth"
5565,LTER4,OR,T02,Acr,2.56,0,0,2019,5,7,6,EW,D,UK,NA,NA,1.6363636363636365,"death,growth"
5590,LTER4,OR,T02,Acr,4.23,65,2.4,2019,22,15,16,EW,D,UK,NA,NA,1.2709832134292565,"death,growth"
5687,LTER4,OR,T03,Acr,1.8,30,0,2019,3,3.1,9,HSL,D,UK,NA,NA,1.6777777777777778,"death,growth"
5721,LTER4,OR,T03,Acr,4.53,79,3,2019,29,28,100,HSL,D,UK,NA,NA,8.971428571428572,"death,growth"
5722,LTER4,OR,T03,Acr,4.57,85,3,2019,17,15,13,HSL,D,UK,NA,NA,1.40625,"death,growth"
6075,LTER5,BR,P03,Acr,5.4,40,80,2019,21.5,18.8,9.5,HSL,D,D,NA,NA,1.267175572519084,"death,growth"
6140,LTER5,BR,P06,Acr,9.01,90,0,2019,18.100000000000001,11.5,10.199999999999999,HSL,D,D,NA,NA,3.431034482758621,"death,growth"
6166,LTER5,BR,P08,Acr,5.6,40,20,2019,53.2,39.5,23.5,HSL,D,D,NA,NA,1.0859813084112149,"death,growth"
6586,LTER5,BR,T02,Acr,0.93,56,60,2019,10,9.5,9,EW,D,UK,NA,NA,1.021505376344086,"death,growth"
7099,LTER5,OR,T01,Acr,2.05,51,7,2019,28,23,18,UK,D,UK,NA,NA,1.2545454545454546,"death,growth"
7154,LTER5,OR,T01,Acr,4.21,1,0,2019,8,7,6,UK,D,UK,NA,NA,1.2352941176470589,"death,growth"
7163,LTER5,OR,T01,Acr,4.67,1,0,2019,11,8,7,UK,D,UK,NA,NA,1.003861003861004,"death,growth"
7195,LTER5,OR,T02,Poc,0.32,5,2,2019,14,9,10,UK,D,UK,NA,NA,1.4410480349344978,"death,growth"
7229,LTER5,OR,T02,Acr,0.78,65,1,2019,9,6,6,UK,D,UK,NA,NA,1.0606060606060606,"death,growth"
7250,LTER5,OR,T02,Acr,1.38,91,10,2019,24,23,14,UK,D,UK,NA,NA,1.2603305785123966,"death,growth"
7274,LTER5,OR,T02,Acr,2.85,74,4,2019,9,8,6,UK,D,UK,NA,NA,1.0599078341013826,"death,growth"
7374,LTER5,OR,T03,Acr,0.5,50,0,2019,12,9.9,10.5,HSL,D,UK,NA,NA,1.10580204778157,"death,growth"
7410,LTER5,OR,T03,Poc,0.85,84,8,2019,16.5,8,6.5,HSL,D,UK,NA,NA,1.4832535885167466,"death,growth"
7421,LTER5,OR,T03,Acr,0.95,67,0,2019,13,11,6.6,HSL,D,UK,NA,NA,2.508196721311476,"death,growth"
7434,LTER5,OR,T03,Acr,1.35,15,0,2019,13,11.9,8,HSL,D,UK,NA,NA,1.1114864864864864,"death,growth"
7438,LTER5,OR,T03,Acr,1.59,60,0,2019,12,15,8,HSL,D,UK,NA,NA,1.282051282051282,"death,growth"
7441,LTER5,OR,T03,Acr,1.7,12,5,2019,31,20,14,HSL,D,UK,NA,NA,1.0301109350237718,"death,growth"
7461,LTER5,OR,T03,Acr,3.45,97,0,2019,12,6,5,HSL,D,UK,NA,NA,1.1855670103092784,"death,growth"
7534,LTER5,OR,T03_PRE2020,Acr,1.25,10,3,2019,15.3,9.9,9,HSL,D,UK,NA,NA,1.6764705882352944,"death,growth"
7535,LTER5,OR,T03_PRE2020,Acr,1.27,63,30,2019,13.5,13,9.5,HSL,D,UK,NA,NA,1.343283582089552,"death,growth"
7537,LTER5,OR,T03_PRE2020,Acr,1.45,20,5,2019,36,30.5,11.1,HSL,D,UK,NA,NA,1.06155950752394,"death,growth"
7548,LTER5,OR,T03_PRE2020,Acr,3.33,68,0,2019,11.3,14,8,HSL,D,UK,NA,NA,2.08125,"death,growth"
7551,LTER5,OR,T03_PRE2020,Acr,3.5,69,5,2019,27,19,15,HSL,D,UK,NA,NA,1.314655172413793,"death,growth"
7558,LTER5,OR,T03_PRE2020,Acr,5,58,0,2019,8.3000000000000007,7,3,HSL,D,UK,NA,NA,5.228571428571429,"death,growth"
104,LTER1,BR,P10,Acr,2.84,22,22,2019,19,12,15,EW,D,UK,NA,NA,0.8214285714285714,"death,shrinkage"
398,LTER1,BR,P05,Acr,1.2,20,43,2019,38,27,15,EW,D,UK,NA,NA,0.963855421686747,"death,shrinkage"
472,LTER1,BR,T01,Acr,0.09,43,55,2019,12,7,7.5,Na,D,Na,NA,NA,0.99250936329588,"death,shrinkage"
1534,LTER1,OR,T02,Acr,0.4,73,12,2019,6,7,4,Na,D,Na,NA,NA,0.7906976744186046,"death,shrinkage"
1601,LTER1,OR,T02,Poc,0.99,78,3,2019,24,14,9,EW,D,Na,NA,NA,0.8392857142857143,"death,shrinkage"
1623,LTER1,OR,T02,Acr,4.9,100,4,2019,12,9,9,Na,D,Na,NA,NA,0.8450704225352113,"death,shrinkage"
1947,LTER1,OR,T04,Acr,1.31,48,10,2019,29.5,28.5,10,Na,D,Na,NA,NA,0.8740359897172236,"death,shrinkage"
3257,LTER2,OR,T01,Acr,2.7,97,6,2019,8.5,6,8.5,Na,D,Na,NA,NA,0.7324840764331211,"death,shrinkage"
3495,LTER2,OR,T03,Acr,3.36,98,17,2019,20,14,10,EW,D,Na,NA,NA,0.8979591836734694,"death,shrinkage"
3499,LTER2,OR,T03,Acr,3.79,90,0,2019,8.8000000000000007,5.8,3.5,EW,D,Na,NA,NA,0.861904761904762,"death,shrinkage"
3500,LTER2,OR,T03,Acr,3.83,92,10,2019,22,18,12,EW,D,Na,NA,NA,0.8695652173913044,"death,shrinkage"
5441,LTER4,OR,T01,Acr,4.9,24,10,2019,5,6,5,HSL,D,UK,NA,NA,0.6349206349206349,"death,shrinkage"
5577,LTER4,OR,T02,Acr,3.4,55,40,2019,8,9,10,EW,D,UK,NA,NA,0.8517350157728707,"death,shrinkage"
5584,LTER4,OR,T02,Acr,4,0,0,2019,80,43,50,EW,D,UK,NA,NA,0.8826530612244898,"death,shrinkage"
5592,LTER4,OR,T02,Acr,4.37,82,9,2019,24,13,13,EW,D,UK,NA,NA,0.8976660682226212,"death,shrinkage"
7041,LTER5,OR,T01,Poc,0.57,44,4,2019,8,10,7,UK,D,UK,NA,NA,0.7122507122507122,"death,shrinkage"
7153,LTER5,OR,T01,Acr,4.15,10,0,2019,9,6,8,UK,D,UK,NA,NA,0.888030888030888,"death,shrinkage"
7283,LTER5,OR,T02,Acr,3.56,85,3,2019,6.5,5.5,5,UK,D,UK,NA,NA,0.92896174863388,"death,shrinkage"
7352,LTER5,OR,T03,Poc,0.25,75,0,2019,20,18,10,HSL,D,UK,NA,NA,0.8839779005524863,"death,shrinkage"
7395,LTER5,OR,T03,Poc,0.7,66,17,2019,30.5,28,10.5,HSL,D,UK,NA,NA,0.9491059147180192,"death,shrinkage"
7437,LTER5,OR,T03,Acr,1.5,15,0,2019,15.8,10,9,HSL,D,UK,NA,NA,0.8923076923076922,"death,shrinkage"
7469,LTER5,OR,T03,Acr,4.61,89,5,2019,14,11,7,HSL,D,UK,NA,NA,0.6881720430107527,"death,shrinkage"
6678,LTER5,BR,T02,Por,2.5,4,10,2015,16.600000000000001,15.4,14.8,CA,"Ed, Fi5",NA,NA,5,NA,"fission,edge"
963,LTER1,BR,T03,Por,3.86,81,32,2017,16.2,13,8,RH,Fi1,NA,NA,1,1.24,"fission,growth"
963,LTER1,BR,T03,Por,3.86,81,32,2018,24,17,11,AP,NA,Fi1,NA,1,1.3978494623655913,"fission,growth"
964,LTER1,BR,T03,Por,3.86,92,37,2017,15,12,6,RH,Fi1,NA,NA,1,1.0784313725490198,"fission,growth"
1059,LTER1,BR,T04,Por,1.52,61,37,2017,25,3.5,9.5,RH,Fi1,NA,NA,1,1.091954022988506,"fission,growth"
1062,LTER1,BR,T04,Por,1.55,92,25,2017,10.5,3.5,3.8,RH,Fi2,NA,NA,2,1.0853658536585369,"fission,growth"
1082,LTER1,BR,T04,Por,1.85,62,45,2017,22,17,11.8,RH,Fi1,NA,NA,1,1.0431211498973303,"fission,growth"
1095,LTER1,BR,T04,Por,2.3,23,30,2016,2,5.6,8.3000000000000007,DC,Fi2,NA,NA,2,2.1780821917808217,"fission,growth"
1134,LTER1,BR,T04,Por,2.6,70,45,2017,75,51,11,RH,Fi3,NA,NA,3,1.0036630036630036,"fission,growth"
1858,LTER1,OR,T04,Por,0.57,0,15,2015,8.1,5,6.5,MK,Fi1,NA,NA,1,1.0261780104712044,"fission,growth"
2291,LTER2,BR,T01,Por,0.28,45,74,2014,4.7,4.2,5.0999999999999996,MK,Fi1,NA,NA,1,1.2727272727272727,"fission,growth"
2307,LTER2,BR,T01,Por,0.46,46,30,2016,4,3.7,4.8,MK,Fi1,NA,NA,1,1.1792452830188678,"fission,growth"
2413,LTER2,BR,T01,Por,2.77,38,86,2014,10,9.3000000000000007,6.8,MK,Fi8,NA,NA,8,1.0116279069767444,"fission,growth"
2557,LTER2,BR,T01,Por,3.9,19,77,2014,7.5,3.8,10.6,MK,Fi21,NA,NA,21,1.0233644859813085,"fission,growth"
2621,LTER2,BR,T01,Por,4.6,65,124,2014,2.8,2,2.9,MK,Fi26,NA,NA,26,1.013157894736842,"fission,growth"
2720,LTER2,BR,T02,Por,1.95,7,60,2020,26,13,25,UK,UK,Fi,NA,NA,1.3333333333333333,"fission,growth"
2744,LTER2,BR,T02,Por,3.89,63,58,2017,11,8,7,UK,Fi1,NA,NA,1,1.1353711790393013,"fission,growth"
2790,LTER2,BR,T03,Por,0,42,42,2017,9,5.5,6.5,RH,Fi3,NA,NA,3,1.3291139240506329,"fission,growth"
3049,LTER2,BR,T04,Por,3.27,74,84,2018,22,16,23,AP,UK,Fi3,NA,3,1.525,"fission,growth"
3100,LTER2,BR,T04,Por,4.62,31,60,2017,7,5,5,RH,Fi2,NA,NA,2,1.0625,"fission,growth"
4340,LTER4,BR,P09,Por,4.2,89,0,2016,40,27,24,DC,Fi1,NA,NA,1,1.011111111111111,"fission,growth"
4496,LTER4,BR,T01,Por,1,100,5,2019,39,19,9,EW,UK,Fi1,NA,1,1.0151515151515151,"fission,growth"
4569,LTER4,BR,T01,Por,1.54,81,81,2014,2.9,2.1,2.6,MK,Fi12,NA,NA,12,2.054054054054054,"fission,growth"
4874,LTER4,BR,T02,Por,3.73,79,85,2016,9,6.8,9.5,DC,Fi2,NA,NA,2,1.036885245901639,"fission,growth"
5188,LTER4,BR,T04,Por,0.35,70,0,2021,3,1,5,HSL,Fi,NA,NA,NA,1.7307692307692306,"fission,growth"
5273,LTER4,BR,T04,Por,2.45,88,30,2016,27,33,27,DC,Fi2,NA,NA,2,1.0235294117647058,"fission,growth"
5917,LTER5,BR,P01,Poc,5.4,94,10,2020,47,34,15,EW,UK,Fi1,NA,1,1.103448275862069,"fission,growth"
6011,LTER5,BR,P02,Poc,5.05,10,13,2014,23.6,15.5,13.3,EW,Fi1,NA,NA,1,1.0096339113680155,"fission,growth"
6179,LTER5,BR,P09,Por,6,5,80,2021,88,57.5,53.5,HSL,Fi,NA,NA,NA,1.1810089020771513,"fission,growth"
6407,LTER5,BR,T01,Por,2.03,79,57,2014,38.1,5.0999999999999996,7.5,MK,Fi13,NA,NA,13,2.0361445783132535,"fission,growth"
6553,LTER5,BR,T02,Por,0.59,42,32,2016,8.6999999999999993,6,5,DC,Fi2,NA,NA,2,1.0765027322404368,"fission,growth"
6665,LTER5,BR,T02,Por,2.22,26,30,2015,53,79,52,CA,Fi5,NA,NA,5,1.1435674331883157,"fission,growth"
6696,LTER5,BR,T02,Por,4.19,91,35,2016,5.7,3.6,2.2999999999999998,DC,Fi5,NA,NA,5,2.0000000000000004,"fission,growth"
6697,LTER5,BR,T02,Por,4.21,89,34,2016,5.5,3.5,2.4,DC,Fi5,NA,NA,5,1.3103448275862069,"fission,growth"
7344,LTER5,OR,T03,Por,0.22,37,1,2015,11.5,9.3000000000000007,5.0999999999999996,MK,Fi1,NA,NA,1,1.146017699115044,"fission,growth"
393,LTER1,BR,P04,Por,8.56,28,15,2017,25,22,4,EW,Fi1,NA,NA,1,0.46875000000000006,"fission,shrinkage"
484,LTER1,BR,T01,Por,0.28,37,0,2014,17.3,14.7,6.5,MK,Fi1,NA,NA,1,0.8333333333333334,"fission,shrinkage"
492,LTER1,BR,T01,Por,0.69,58,0,2015,14.1,11.3,8.1999999999999993,MK,Fi1,NA,NA,1,0.6549707602339181,"fission,shrinkage"
501,LTER1,BR,T01,Por,0.77,74,30,2014,2.6,2,0.5,MK,Fi4,NA,NA,4,0.4322033898305084,"fission,shrinkage"
505,LTER1,BR,T01,Por,0.8,76,37,2014,1.5,0.4,0.3,MK,Fi3,NA,NA,3,0.14193548387096774,"fission,shrinkage"
506,LTER1,BR,T01,Por,0.82,65,40,2014,2,0.6,2.2999999999999998,MK,Fi2,NA,NA,2,0.39837398373983746,"fission,shrinkage"
524,LTER1,BR,T01,Por,1.03,31,9,2016,6.4,5.2,4.3,MK,Fi1,NA,NA,1,0.9034090909090908,"fission,shrinkage"
539,LTER1,BR,T01,Por,1.13,60,8,2014,1.4,0.7,1.9,MK,Fi5,NA,NA,5,0.2352941176470588,"fission,shrinkage"
542,LTER1,BR,T01,Por,1.15,85,30,2014,6.5,2.2999999999999998,5.2,MK,Fi6,NA,NA,6,0.4117647058823529,"fission,shrinkage"
547,LTER1,BR,T01,Por,1.25,72,29,2021,12.1,7.2,15,MK,Fi,NA,NA,NA,0.42085889570552143,"fission,shrinkage"
558,LTER1,BR,T01,Por,1.44,83,34,2014,13.4,9.1999999999999993,12.2,MK,Fi7,NA,NA,7,0.8426150121065376,"fission,shrinkage"
599,LTER1,BR,T01,Por,2.31,74,0,2015,18.100000000000001,6.5,13.2,MK,Fi3,NA,NA,3,0.9618320610687024,"fission,shrinkage"
602,LTER1,BR,T01,Por,2.39,40,0,2015,3.1,0.9,0.7,MK,Fi2,NA,NA,2,0.6351351351351351,"fission,shrinkage"
633,LTER1,BR,T01,Por,2.95,60,58,2014,15.3,3.3,12.6,MK,Fi8,NA,NA,8,0.6380368098159509,"fission,shrinkage"
644,LTER1,BR,T01,Por,3.05,63,46,2015,8.6,7.1,6.9,MK,Fi4,NA,NA,4,0.904,"fission,shrinkage"
654,LTER1,BR,T01,Por,3.34,34,10,2015,18.2,11.5,15.5,MK,Fi5,NA,NA,5,0.7713310580204779,"fission,shrinkage"
654,LTER1,BR,T01,Por,3.34,34,10,2019,7,5,4,EW,UK,Fi1,NA,1,0.3595505617977528,"fission,shrinkage"
667,LTER1,BR,T01,Por,3.85,25,100,2021,8.6999999999999993,8.4,4,MK,Fi,NA,NA,NA,0.6205882352941176,"fission,shrinkage"
682,LTER1,BR,T01,Por,4.37,44,50,2014,8.4,5.7,10.3,MK,Fi8,NA,NA,8,0.9606299212598428,"fission,shrinkage"
682,LTER1,BR,T01,Por,4.37,44,50,2015,6.8,6.3,6.2,MK,Fi6,NA,NA,6,0.790983606557377,"fission,shrinkage"
701,LTER1,BR,T01,Por,4.72,46,75,2014,3.1,2.5,2.5,MK,Fi9,NA,NA,9,0.2934782608695652,"fission,shrinkage"
722,LTER1,BR,T02,Por,0.87,73,23,2015,22.4,34.6,33.4,HSL,Fis1,NA,NA,1,0.9012961116650052,"fission,shrinkage"
761,LTER1,BR,T02,Por,2,83,65,2020,6.5,11,7,EW,UK,Fi1,NA,1,0.2620320855614973,"fission,shrinkage"
821,LTER1,BR,T02,Por,3.95,35,19,2015,35,14,38.700000000000003,HSL,Fi2,NA,NA,2,0.877,"fission,shrinkage"
904,LTER1,BR,T03,Por,2.53,28,0,2015,27,14.5,14.5,HSL,Fi1,NA,NA,1,0.7887323943661971,"fission,shrinkage"
964,LTER1,BR,T03,Por,3.86,92,37,2018,4.9000000000000004,2.9,1.8,AP,NA,Fi1,NA,1,0.29090909090909095,"fission,shrinkage"
966,LTER1,BR,T03,Por,3.86,97,37,2015,9.1999999999999993,4.3,1,HSL,Fi2,NA,NA,2,0.1647727272727273,"fission,shrinkage"
966,LTER1,BR,T03,Por,3.86,97,37,2017,9.1999999999999993,3,1,RH,Fi1,NA,NA,1,0.6197183098591549,"fission,shrinkage"
966,LTER1,BR,T03,Por,3.86,97,37,2018,2,1.7,0.9,AP,NA,Fi1,NA,1,0.34848484848484856,"fission,shrinkage"
974,LTER1,BR,T03,Por,3.95,85,50,2021,13.2,12.2,8.4,MK,Fi1,NA,NA,1,0.7347826086956522,"fission,shrinkage"
1058,LTER1,BR,T04,Por,1.5,72,34,2017,26,8.5,4,RH,Fi1,NA,NA,1,0.41576673866090713,"fission,shrinkage"
1068,LTER1,BR,T04,Por,1.6,60,20,2021,8.6999999999999993,4.8,5.6,MK,Fi1,NA,NA,1,0.40210526315789463,"fission,shrinkage"
1082,LTER1,BR,T04,Por,1.85,62,45,2016,14.3,16.5,17.899999999999999,DC,Fi1,NA,NA,1,0.9102803738317756,"fission,shrinkage"
1082,LTER1,BR,T04,Por,1.85,62,45,2021,15,6.2,9.3000000000000007,MK,Fi2,NA,NA,2,0.7439024390243902,"fission,shrinkage"
1095,LTER1,BR,T04,Por,2.3,23,30,2017,5.5,5.5,3.5,RH,Fi3,NA,NA,3,0.9119496855345912,"fission,shrinkage"
1101,LTER1,BR,T04,Por,2.3,46,26.7,2016,5.5,11.2,8,DC,Fi3,NA,NA,3,0.29334916864608074,"fission,shrinkage"
1199,LTER1,BR,T04,Por,3.9,51,20,2014,30,15,6,EW,Fi3,NA,NA,3,0.7445255474452555,"fission,shrinkage"
1279,LTER1,OR,T01,Por,0.15,90,17,2015,8.6,4.9000000000000004,11.9,MK,Fi1,NA,NA,1,0.6047619047619047,"fission,shrinkage"
1323,LTER1,OR,T01,Por,0.3,55,4,2014,8,5.5,4.5,MK,Fi1,NA,NA,1,0.7659574468085107,"fission,shrinkage"
1356,LTER1,OR,T01,Por,0.47,21,4,2016,11.1,7.1,9,MK,Fi1,NA,NA,1,0.9543859649122808,"fission,shrinkage"
2226,LTER2,BR,P07,Por,8.6,40,10,2021,11,16,31.5,HSL,Fi1,NA,NA,1,0.7005988023952096,"fission,shrinkage"
2292,LTER2,BR,T01,Por,0.29,36,77,2020,3.8,4,3,UK,UK,Fi1,NA,1,0.3624161073825504,"fission,shrinkage"
2317,LTER2,BR,T01,Por,0.56,54,69,2014,8.9,2.4,6.8,MK,Fi2,NA,NA,2,0.967914438502674,"fission,shrinkage"
2333,LTER2,BR,T01,Por,0.81,61,41,2014,1.3,0.8,0.9,MK,Fi3,NA,NA,3,0.5172413793103449,"fission,shrinkage"
2342,LTER2,BR,T01,Por,0.97,50,12,2014,6.8,6.5,5.3,MK,Fi4,NA,NA,4,0.7530364372469637,"fission,shrinkage"
2362,LTER2,BR,T01,Por,1.29,95,24,2014,6.3,3.3,6,MK,Fi5,NA,NA,5,0.6782608695652174,"fission,shrinkage"
2378,LTER2,BR,T01,Por,2.52,53,28,2014,3.7,3.3,3.3,MK,Fi6,NA,NA,6,0.5392670157068062,"fission,shrinkage"
2388,LTER2,BR,T01,Por,2.68,21,74,2015,2.4,1.5,1.1000000000000001,MK,Fi1,NA,NA,1,0.4854368932038835,"fission,shrinkage"
2410,LTER2,BR,T01,Por,2.75,17,74,2014,9.6999999999999993,8.1999999999999993,15.4,MK,Fi7,NA,NA,7,0.748314606741573,"fission,shrinkage"
2418,LTER2,BR,T01,Por,2.78,58,60,2014,5.4,1,4.8,MK,Fi11,NA,NA,11,0.3822525597269624,"fission,shrinkage"
2419,LTER2,BR,T01,Por,2.78,87,82,2014,7,2.2999999999999998,2.5,MK,Fi12,NA,NA,12,0.7712418300653595,"fission,shrinkage"
2433,LTER2,BR,T01,Por,2.85,32,83,2014,1.2,0.6,1.5,MK,Fi10,NA,NA,10,0.6734693877551021,"fission,shrinkage"
2434,LTER2,BR,T01,Por,2.85,35,92,2016,3.5,0.9,3.7,MK,Fi3,NA,NA,3,0.3951219512195122,"fission,shrinkage"
2436,LTER2,BR,T01,Por,2.85,55,66,2015,4.8,4,3,MK,Fi2,NA,NA,2,0.6483516483516483,"fission,shrinkage"
2445,LTER2,BR,T01,Por,2.9,45,92,2014,14.3,8,28.3,MK,Fi9,NA,NA,9,0.8241042345276872,"fission,shrinkage"
2445,LTER2,BR,T01,Por,2.9,45,92,2016,14.2,9.1,16.5,MK,Fi2,NA,NA,2,0.7467166979362101,"fission,shrinkage"
2472,LTER2,BR,T01,Por,3.03,39,131,2014,5.2,4.9000000000000004,5.3,MK,Fi13,NA,NA,13,0.5968992248062015,"fission,shrinkage"
2476,LTER2,BR,T01,Por,3.05,75,124,2014,19.100000000000001,14,11.5,MK,Fi15,NA,NA,15,0.5568039950062422,"fission,shrinkage"
2484,LTER2,BR,T01,Por,3.12,29,131,2014,15.1,14.4,26.9,MK,Fi14,NA,NA,14,0.8757763975155278,"fission,shrinkage"
2484,LTER2,BR,T01,Por,3.12,29,131,2016,3.3,2.4,1.3,MK,Fi4,NA,NA,4,0.20895522388059695,"fission,shrinkage"
2494,LTER2,BR,T01,Por,3.19,15,101,2014,1.3,0.5,0.9,MK,Fi17,NA,NA,17,0.7105263157894737,"fission,shrinkage"
2502,LTER2,BR,T01,Por,3.22,1,111,2014,4.4000000000000004,1.2,6.5,MK,Fi18,NA,NA,18,0.5761904761904763,"fission,shrinkage"
2506,LTER2,BR,T01,Por,3.25,95,113,2014,5,4.2,7,MK,Fi16,NA,NA,16,0.7431192660550459,"fission,shrinkage"
2533,LTER2,BR,T01,Por,3.5,28,126,2014,16.899999999999999,10.3,10.7,MK,Fi19,NA,NA,19,0.7656565656565656,"fission,shrinkage"
2549,LTER2,BR,T01,Por,3.62,27,107,2014,2.6,1.2,5.8,MK,Fi20,NA,NA,20,0.9504950495049505,"fission,shrinkage"
2558,LTER2,BR,T01,Por,3.91,29,77,2015,5,2.2000000000000002,6.3,MK,Fi3,NA,NA,3,0.40540540540540543,"fission,shrinkage"
2566,LTER2,BR,T01,Por,4.07,40,85,2014,3.1,2,3.7,MK,Fi22,NA,NA,22,0.4334975369458128,"fission,shrinkage"
2575,LTER2,BR,T01,Por,4.11,40,62,2014,8.4,5.9,12.8,MK,Fi23,NA,NA,23,0.9442508710801396,"fission,shrinkage"
2602,LTER2,BR,T01,Por,4.3,61,107,2015,3.9,3.9,6.4,MK,Fi4,NA,NA,4,0.7759562841530054,"fission,shrinkage"
2609,LTER2,BR,T01,Por,4.45,20,98,2014,8.1999999999999993,7.2,15.3,MK,Fi24,NA,NA,24,0.680709534368071,"fission,shrinkage"
2617,LTER2,BR,T01,Por,4.56,65,128,2014,5.9,6.5,6.5,MK,Fi25,NA,NA,25,0.5510204081632654,"fission,shrinkage"
2642,LTER2,BR,T01,Por,4.82,82,129,2014,6,4.0999999999999996,5.3,MK,Fi27,NA,NA,27,0.3989637305699482,"fission,shrinkage"
2642,LTER2,BR,T01,Por,4.82,82,129,2016,6.1,3,7.2,MK,Fi5,NA,NA,5,0.7990196078431373,"fission,shrinkage"
2793,LTER2,BR,T03,Por,0.1,46,42,2017,2.5,2,1,RH,Fi3,NA,NA,3,0.7236842105263158,"fission,shrinkage"
2795,LTER2,BR,T03,Por,0.15,10,30,2017,15,7,6,RH,Fi1,NA,NA,1,0.9090909090909092,"fission,shrinkage"
2862,LTER2,BR,T03,Por,1.18,76,90,2014,7.1,6.3,3.4,EW,Fi1,NA,NA,1,0.43298969072164945,"fission,shrinkage"
2969,LTER2,BR,T04,Por,0.37,94,67,2018,4.8,2.5,2.1,AP,UK,Fi1,NA,1,0.22926829268292684,"fission,shrinkage"
2976,LTER2,BR,T04,Por,0.45,76,69,2020,21,14,15,UK,UK,Fi1,NA,1,0.8064516129032258,"fission,shrinkage"
3048,LTER2,BR,T04,Por,3.15,50,8,2018,7.1,4.8,4.3,AP,UK,Fi2,NA,2,0.7714285714285714,"fission,shrinkage"
3089,LTER2,BR,T04,Poc,4.47,11,66,2016,3,3,1,HSL,Fi1,NA,NA,1,0.5555555555555556,"fission,shrinkage"
3172,LTER2,OR,T01,Por,0.38,91,2,2015,3.7,2.7,4.4000000000000004,CA,Fi1,NA,NA,1,0.4976958525345623,"fission,shrinkage"
3191,LTER2,OR,T01,Mil,0.55,22,16,2016,35.799999999999997,32.9,14.9,MK,Fi1,NA,NA,1,0.6049204052098408,"fission,shrinkage"
3261,LTER2,OR,T01,Mil,2.85,31,7,2016,6.4,3.5,3.8,MK,Fi2,NA,NA,2,0.4228395061728395,"fission,shrinkage"
3512,LTER2,OR,T04,Por,0.09,27,9,2016,12.5,5.3,5.3,MK,FI1,NA,NA,1,0.9746835443037974,"fission,shrinkage"
3798,LTER4,BR,P01,Por,1.7,75,60,2015,72,42,33,HSL,Fi1,NA,NA,1,0.4748062015503875,"fission,shrinkage"
4168,LTER4,BR,P05,Acr,4.39,57,65,2015,10,6,10,CA,Fi1,NA,NA,1,0.8904109589041096,"fission,shrinkage"
4345,LTER4,BR,P09,Por,4.91,45,40,2014,39.700000000000003,15.4,23.5,HSL,Fi1,NA,NA,1,0.44659090909090904,"fission,shrinkage"
4376,LTER4,BR,P09,Acr,8.04,64,65,2015,3,3,1,CA,Fi1,NA,NA,1,0.28806584362139914,"fission,shrinkage"
4397,LTER4,BR,T01,Por,0.02,3,89,2014,37,26.4,23.2,MK,Fi1,NA,NA,1,0.9741282339707537,"fission,shrinkage"
4405,LTER4,BR,T01,Por,0.09,33,56,2016,2.5,1.5,2,MK,Fi1,NA,NA,1,0.5714285714285714,"fission,shrinkage"
4417,LTER4,BR,T01,Por,0.21,4,81,2016,1.7,1.7,0.6,MK,Fi2,NA,NA,2,0.25157232704402516,"fission,shrinkage"
4429,LTER4,BR,T01,Por,0.38,29,57,2014,2.2000000000000002,1.3,1.4,MK,Fi2,NA,NA,2,0.6282051282051283,"fission,shrinkage"
4431,LTER4,BR,T01,Por,0.4,16,15,2014,4.4000000000000004,3.1,3,MK,Fi3,NA,NA,3,0.43032786885245905,"fission,shrinkage"
4453,LTER4,BR,T01,Por,0.59,13,63,2016,5.3,1.8,3.1,MK,Fi4,NA,NA,4,0.6496815286624203,"fission,shrinkage"
4460,LTER4,BR,T01,Por,0.65,61,9,2014,13.9,6,9.1,MK,Fi4,NA,NA,4,0.7304785894206549,"fission,shrinkage"
4466,LTER4,BR,T01,Por,0.73,30,38,2014,12.8,8.3000000000000007,10.3,MK,FI5,NA,NA,5,0.7602905569007264,"fission,shrinkage"
4490,LTER4,BR,T01,Por,0.85,19,16,2014,18.7,6.9,14.8,MK,Fi6,NA,NA,6,0.5763195435092726,"fission,shrinkage"
4503,LTER4,BR,T01,Poc,1.15,85,35,2016,3.1,2.8,2,MK,Fi5,NA,NA,5,0.5448275862068965,"fission,shrinkage"
4510,LTER4,BR,T01,Por,1.21,93,65,2014,17.8,5.5,3.8,MK,Fi7,NA,NA,7,0.4370967741935484,"fission,shrinkage"
4511,LTER4,BR,T01,Por,1.22,84,66,2014,1.2,0.6,1.1000000000000001,MK,Fi8,NA,NA,8,0.6304347826086957,"fission,shrinkage"
4540,LTER4,BR,T01,Por,1.38,51,40,2014,2.8,1.9,2.5,MK,Fi9,NA,NA,9,0.1983471074380165,"fission,shrinkage"
4549,LTER4,BR,T01,Por,1.45,81,81,2014,13.6,13.1,5,MK,Fi10,NA,NA,10,0.6659663865546218,"fission,shrinkage"
4549,LTER4,BR,T01,Por,1.45,81,81,2015,8.6,7.5,3.6,MK,Fi1,NA,NA,1,0.6214511041009465,"fission,shrinkage"
4563,LTER4,BR,T01,Por,1.52,85,81,2014,2.1,1.5,0.9,MK,Fi13,NA,NA,13,0.5625,"fission,shrinkage"
4564,LTER4,BR,T01,Por,1.53,58,52,2014,11.6,4.5,6.6,MK,Fi11,NA,NA,11,0.45951417004048584,"fission,shrinkage"
4572,LTER4,BR,T01,Por,1.55,76,81,2014,5.0999999999999996,1.4,2.1,MK,Fi14,NA,NA,14,0.3115942028985507,"fission,shrinkage"
4590,LTER4,BR,T01,Por,1.72,81,79,2014,5.8,2.6,4,MK,Fi15,NA,NA,15,0.7848101265822784,"fission,shrinkage"
4619,LTER4,BR,T01,Por,2,22,11,2014,1.5,1.1000000000000001,1.3,MK,Fi16,NA,NA,16,0.1358885017421603,"fission,shrinkage"
4634,LTER4,BR,T01,Por,2.3,23,10,2014,2.7,1.7,2.2000000000000002,MK,Fi17,NA,NA,17,0.4817518248175183,"fission,shrinkage"
4646,LTER4,BR,T01,Por,2.42,1,7,2015,8.1999999999999993,5.4,5.8,MK,Fi2,NA,NA,2,0.9748743718592964,"fission,shrinkage"
4704,LTER4,BR,T01,Por,4.74,85,8,2016,5.0999999999999996,3.8,4.3,MK,Fi5,NA,NA,5,0.6839378238341969,"fission,shrinkage"
4815,LTER4,BR,T02,Poc,2.9,8,66,2015,3.5,2.4,2.9,CA,Fi1,NA,NA,1,0.8,"fission,shrinkage"
4858,LTER4,BR,T02,Acr,3.5,1,60,2020,6,3.5,3,EW,UK,Fi1,NA,1,0.5952380952380952,"fission,shrinkage"
4858,LTER4,BR,T02,Acr,3.5,1,60,2021,6.2,3.6,2.6,MK,Fi1,NA,NA,1,0.992,"fission,shrinkage"
4883,LTER4,BR,T02,Por,3.9,91,90,2016,5.7,1.3,1.6,DC,Fi3,NA,NA,3,0.17338709677419353,"fission,shrinkage"
4938,LTER4,BR,T03,Por,0.2,34,60,2015,18,13,5,HSL,Fi2,NA,NA,2,0.24965325936199723,"fission,shrinkage"
4940,LTER4,BR,T03,Por,0.21,62,80,2015,24,13,5,HSL,Fi1,NA,NA,1,0.9012875536480688,"fission,shrinkage"
5016,LTER4,BR,T03,Por,1.04,46,5,2014,4.8,4.5,2,EW,Fi1,NA,NA,1,0.2511111111111111,"fission,shrinkage"
5064,LTER4,BR,T03,Por,1.53,50,12,2015,3,2,1,HSL,Fi3,NA,NA,3,0.2608695652173913,"fission,shrinkage"
5223,LTER4,BR,T04,Por,1.75,42,0,2015,4.5999999999999996,3,3.7,CA,Fi1,NA,NA,1,0.7197452229299364,"fission,shrinkage"
5273,LTER4,BR,T04,Por,2.45,88,30,2015,31,25,29,CA,Fi2,NA,NA,2,0.7589285714285714,"fission,shrinkage"
5307,LTER4,BR,T04,Por,5,30,40,2016,32,52,51,DC,Fi3,NA,NA,3,0.823170731707317,"fission,shrinkage"
5333,LTER4,OR,T01,Mil,0.26,15,10,2016,4.7,2.2000000000000002,6.2,MK,Fi1,NA,NA,1,0.861842105263158,"fission,shrinkage"
5338,LTER4,OR,T01,Mil,0.34,30,11,2014,5.8,2.8,5.6,MK,Fi1,NA,NA,1,0.6173913043478261,"fission,shrinkage"
5352,LTER4,OR,T01,Mil,0.44,9,20,2014,4.2,2,2.1,MK,Fi2,NA,NA,2,0.4368421052631579,"fission,shrinkage"
5883,LTER4,OR,T04,Mil,4.89,38,4,2015,1.4,1.1000000000000001,0.4,HSL,Fi1,NA,NA,1,0.15591397849462363,"fission,shrinkage"
5943,LTER5,BR,P01,Poc,8.78,50,33,2020,26,12,17,EW,UK,Fi2,NA,2,0.45081967213114754,"fission,shrinkage"
5959,LTER5,BR,P10,Acr,3,100,40,2021,40,27.5,14.5,HSL,Fi,NA,NA,NA,0.5222929936305732,"fission,shrinkage"
5979,LTER5,BR,P10,Por,6.55,100,40,2022,56.5,34.4,63.4,MK,FI1,NA,NA,1,0.6079590228526399,"fission,shrinkage"
6157,LTER5,BR,P07,Por,9.6,80,30,2021,35,25,38,HSL,Fi,NA,NA,NA,0.6490066225165563,"fission,shrinkage"
6195,LTER5,BR,T01,Por,0.3,47,14,2014,1,0.8,0.6,MK,Fi1,NA,NA,1,0.21052631578947367,"fission,shrinkage"
6212,LTER5,BR,T01,Por,0.97,5,35,2015,5.2,4.4000000000000004,7.7,MK,Fi1,NA,NA,1,0.8781725888324874,"fission,shrinkage"
6216,LTER5,BR,T01,Por,1,12,45,2015,6.3,6,5.5,MK,Fi2,NA,NA,2,0.8436018957345971,"fission,shrinkage"
6228,LTER5,BR,T01,Por,1.12,43,15,2014,12.5,8.8000000000000007,13.7,MK,Fi4,NA,NA,4,0.9408602150537636,"fission,shrinkage"
6229,LTER5,BR,T01,Por,1.13,18,50,2014,2.7,2.2999999999999998,2.6,MK,Fi2,NA,NA,2,0.3377777777777778,"fission,shrinkage"
6238,LTER5,BR,T01,Por,1.21,7,50,2014,2.9,3,4.9000000000000004,MK,Fi3,NA,NA,3,0.5775401069518717,"fission,shrinkage"
6261,LTER5,BR,T01,Por,1.33,55,41,2014,4.7,5.0999999999999996,4.7,MK,Fi5,NA,NA,5,0.7073170731707317,"fission,shrinkage"
6274,LTER5,BR,T01,Por,1.37,79,39,2014,7.2,4.4000000000000004,7.6,MK,Fi6,NA,NA,6,0.6056782334384859,"fission,shrinkage"
6290,LTER5,BR,T01,Por,1.44,67,30,2016,3.3,1,2.2999999999999998,MK,Fi1,NA,NA,1,0.6226415094339622,"fission,shrinkage"
6314,LTER5,BR,T01,Por,1.52,73,47,2021,11.5,9.6999999999999993,9.1999999999999993,MK,Fi1,NA,NA,1,0.5735849056603773,"fission,shrinkage"
6321,LTER5,BR,T01,Por,1.55,33,67,2014,2.2000000000000002,1.3,1.8,MK,Fi7,NA,NA,7,0.35333333333333333,"fission,shrinkage"
6359,LTER5,BR,T01,Por,1.7,95,55,2014,17.100000000000001,15.5,18.5,MK,Fi10,NA,NA,10,0.9864864864864864,"fission,shrinkage"
6360,LTER5,BR,T01,Por,1.71,25,77,2015,1.4,1.4,1.1000000000000001,MK,Fi3,NA,NA,3,0.4814814814814815,"fission,shrinkage"
6365,LTER5,BR,T01,Por,1.75,24,79,2014,8.1999999999999993,3.1,1.7,MK,Fi8,NA,NA,8,0.5936073059360729,"fission,shrinkage"
6384,LTER5,BR,T01,Por,1.88,66,68,2014,3.8,4.8,8.1,MK,Fi11,NA,NA,11,0.8146341463414634,"fission,shrinkage"
6388,LTER5,BR,T01,Por,1.9,82,57,2014,14.2,8.6,11.7,MK,Fi12,NA,NA,12,0.8333333333333334,"fission,shrinkage"
6389,LTER5,BR,T01,Por,1.9,88,57,2015,6.3,4.4000000000000004,6.9,MK,Fi4,NA,NA,4,0.8110599078341014,"fission,shrinkage"
6408,LTER5,BR,T01,Por,2.05,16,98,2014,104.5,77.900000000000006,42.7,MK,Fi9,NA,NA,9,0.9744588744588746,"fission,shrinkage"
6447,LTER5,BR,T01,Por,2.75,41,61,2014,17.399999999999999,13.8,10,MK,Fi14,NA,NA,14,0.8046875,"fission,shrinkage"
6458,LTER5,BR,T01,Por,2.96,10,61,2015,6.9,7.8,15,MK,Fi5,NA,NA,5,0.7021276595744681,"fission,shrinkage"
6491,LTER5,BR,T01,Por,4,39,3,2015,10.199999999999999,5,11,MK,Fi6,NA,NA,6,0.9667896678966788,"fission,shrinkage"
6503,LTER5,BR,T01,Por,4.2,0,18,2014,8,3.3,5.3,MK,Fi15,NA,NA,15,0.4715909090909091,"fission,shrinkage"
6511,LTER5,BR,T01,Por,4.95,40,43,2016,2.2999999999999998,0.8,2,MK,Fi2,NA,NA,2,0.3617021276595744,"fission,shrinkage"
6523,LTER5,BR,T02,Por,0.29,59,18,2014,2.8,2,1.8,EW,Fi1,NA,NA,1,0.5499999999999999,"fission,shrinkage"
6536,LTER5,BR,T02,Por,0.45,40,27,2015,4,3.6,3.4,CA,Fi1,NA,NA,1,0.3343465045592705,"fission,shrinkage"
6548,LTER5,BR,T02,Por,0.52,22,24,2015,3.9,3.4,5.0999999999999996,CA,Fi2,NA,NA,2,0.5610859728506786,"fission,shrinkage"
6568,LTER5,BR,T02,Por,0.76,56,45,2015,5.2,6.6,6.4,CA,Fi3,NA,NA,3,0.8053097345132744,"fission,shrinkage"
6578,LTER5,BR,T02,Por,0.86,69,21,2014,7.7,7.2,3.2,EW,Fi2,NA,NA,2,0.565625,"fission,shrinkage"
6591,LTER5,BR,T02,Por,0.96,93,24,2015,4,6,8.6,CA,Fi4,NA,NA,4,0.4818652849740933,"fission,shrinkage"
6596,LTER5,BR,T02,Por,1,72,1,2016,5.3,8.1999999999999993,12.5,DC,Fi3,NA,NA,3,0.8176100628930817,"fission,shrinkage"
6690,LTER5,BR,T02,Por,3.76,49,28,2015,90,88,68,CA,Fi6,NA,NA,6,0.9761904761904762,"fission,shrinkage"
6845,LTER5,BR,T03,Poc,4.74,62,46,2016,7.2,9,7,HSL,Fi1,NA,NA,1,0.22095238095238096,"fission,shrinkage"
6900,LTER5,BR,T04,Por,0.42,10,11,2016,8.6999999999999993,5.3,7,HSL,Fi1,NA,NA,1,0.7499999999999999,"fission,shrinkage"
6990,LTER5,BR,T04,Por,4.9,80,60,2021,24,14,14,HSL,Fi1,NA,NA,1,0.33766233766233766,"fission,shrinkage"
7460,LTER5,OR,T03,Por,3.4,54,0,2021,8.6,7.3,3.4,MK,Fi2,NA,NA,2,0.5594202898550724,"fission,shrinkage"
7593,LTER5,OR,T04,Por,1.7,50,0,2021,23.5,21,15.2,MK,Fi1,NA,NA,1,0.7653846153846154,"fission,shrinkage"
2641,LTER2,BR,T01,Por,4.82,13,38,2015,UK,UK,UK,MK,Fu4-Ed,NA,4,NA,NA,"fusion,edge"
1134,LTER1,BR,T04,Por,2.6,70,45,2016,50,30,56.5,DC,"Fi2, Fu2",NA,2,2,NA,"fusion,fission"
3055,LTER2,BR,T04,Por,3.41,80,94,2017,27,46,18,RH,"Fu1, Fi1",NA,1,1,1.3,"fusion,fission,growth"
1058,LTER1,BR,T04,Por,1.5,72,34,2016,49.5,13.1,30,DC,"Fi1, Fu1",NA,1,1,0.990374331550802,"fusion,fission,shrinkage"
2673,LTER2,BR,T02,Por,0.05,90,87,2016,15.3,15.2,24.2,DC,"Fu1, Fi2",NA,1,2,0.8415384615384616,"fusion,fission,shrinkage"
308,LTER1,BR,P03,Poc,2.84,57,42,2015,23,24.9,21.2,CA,Fu1,NA,1,NA,8.129411764705882,"fusion,growth"
334,LTER1,BR,P03,Poc,3.32,33,82,2014,36.299999999999997,25.9,21.9,EW,Fu1,NA,1,NA,1.911363636363636,"fusion,growth"
497,LTER1,BR,T01,Por,0.74,71,29,2015,3.9,1.2,3.7,MK,Fu1,NA,1,NA,3.5200000000000005,"fusion,growth"
505,LTER1,BR,T01,Por,0.8,76,37,2019,14,16,7,EW,UK,Fu1,1,NA,1.5481171548117156,"fusion,growth"
658,LTER1,BR,T01,Por,3.68,50,34,2016,12,5.4,10.7,MK,Fu1,NA,1,NA,1.4712041884816751,"fusion,growth"
658,LTER1,BR,T01,Por,3.68,50,34,2017,14,11,5.5,EW,Fu1,NA,1,NA,1.085409252669039,"fusion,growth"
697,LTER1,BR,T01,Por,4.68,35,75,2014,12.4,8.3000000000000007,12.2,MK,Fu1,NA,1,NA,1.1003344481605353,"fusion,growth"
725,LTER1,BR,T02,Por,0.98,63,10,2018,29,17,8,HSL,NA,Fu1,1,NA,1.588235294117647,"fusion,growth"
904,LTER1,BR,T03,Por,2.53,28,0,2017,30,19,12,RH,Fu1,NA,1,NA,1.337719298245614,"fusion,growth"
947,LTER1,BR,T03,Por,3.25,5,0,2020,21.5,16,16.5,HSL,UK,Fu1,1,NA,1.2765957446808511,"fusion,growth"
974,LTER1,BR,T03,Por,3.95,85,50,2019,22.1,19,7.7,HSL,UK,Fu1,1,NA,2.609625668449198,"fusion,growth"
1057,LTER1,BR,T04,Por,1.4,49,40,2019,38,27.2,18.7,HSL,UK,Fu1,1,NA,32.269230769230774,"fusion,growth"
1058,LTER1,BR,T04,Por,1.5,72,34,2015,38.1,30.6,24.8,CA,Fu1,NA,1,NA,3.045602605863192,"fusion,growth"
1059,LTER1,BR,T04,Por,1.52,61,37,2018,23.9,9,13.5,EW,NA,Fu1,1,NA,1.2210526315789474,"fusion,growth"
1090,LTER1,BR,T04,Por,2.2,72,18,2018,12.4,7.4,4.5999999999999996,EW,NA,Fu2,2,NA,1.167464114832536,"fusion,growth"
1101,LTER1,BR,T04,Por,2.3,46,26.7,2015,46.1,15,23.1,CA,Fu2,NA,2,NA,5.197530864197531,"fusion,growth"
1124,LTER1,BR,T04,Por,2.5,63,73,2018,12.2,6.7,2.7,EW,NA,Fu3,3,NA,3.0857142857142854,"fusion,growth"
1126,LTER1,BR,T04,Por,2.5,72,53,2019,48.5,44,31,HSL,UK,Fu2,2,NA,6.639784946236559,"fusion,growth"
1190,LTER1,BR,T04,Por,3.45,100,5,2022,21.5,4.3,9.9,HL,Fused with coral outside transect,NA,NA,NA,1.2841726618705036,"fusion,growth"
1229,LTER1,BR,T04,Por,4.9,13,60,2019,16,7,7,HSL,UK,Fu3,3,NA,1.9230769230769231,"fusion,growth"
1254,LTER1,OR,T01,Por,0.05,69,3,2014,8.3000000000000007,5.3,7.6,MK,Fu1,NA,1,NA,1.7815126050420174,"fusion,growth"
1270,LTER1,OR,T01,Por,0.11,24,7,2014,9.3000000000000007,6,6.8,MK,Fu2,NA,2,NA,1.407643312101911,"fusion,growth"
1288,LTER1,OR,T01,Por,0.18,60,5,2014,7.8,6.3,5,MK,Fu3,NA,3,NA,1.2905405405405406,"fusion,growth"
1419,LTER1,OR,T01,Poc,0.81,18,9,2016,17.2,14.7,13.4,MK,Fu1,NA,1,NA,1.1468354430379746,"fusion,growth"
1448,LTER1,OR,T01,Poc,0.97,56,11,2015,10.8,8.6,7.1,MK,Fu1,NA,1,NA,1.9202898550724636,"fusion,growth"
1489,LTER1,OR,T02,Poc,0.05,77,0,2014,13.7,13.4,6.4,EW,Fu1,NA,1,NA,2.310344827586207,"fusion,growth"
1526,LTER1,OR,T02,Poc,0.35,9,34,2014,19.7,7.9,5.5,EW,Fu1,NA,1,NA,2.135483870967742,"fusion,growth"
1565,LTER1,OR,T02,Poc,0.65,6,7,2016,19.600000000000001,16.600000000000001,14.2,DC,Fu2,NA,2,NA,1.5412844036697249,"fusion,growth"
1588,LTER1,OR,T02,Por,0.84,46,17,2014,11.5,10.6,6,EW,Fu1,NA,1,NA,3.64935064935065,"fusion,growth"
1685,LTER1,OR,T03,Por,0.45,90,0,2016,19,10.1,8.6999999999999993,HSL,Fu1,NA,1,NA,3.3451327433628313,"fusion,growth"
1708,LTER1,OR,T03,Por,0.7,46,7,2016,18.5,17,7,HSL,Fu2,NA,2,NA,1.673228346456693,"fusion,growth"
1828,LTER1,OR,T04,Poc,0.4,5,9,2016,25,17,15.2,HSL,Fu1,NA,1,NA,1.4335839598997495,"fusion,growth"
1831,LTER1,OR,T04,Poc,0.43,67,5,2016,12.5,13.6,9.1999999999999993,DC,Fu2,NA,2,NA,2.30718954248366,"fusion,growth"
1838,LTER1,OR,T04,Por,0.47,64,4,2015,12.3,9.1999999999999993,8.1999999999999993,MK,Fu1,NA,1,NA,1.414285714285714,"fusion,growth"
1856,LTER1,OR,T04,Por,0.55,62,5,2016,17.2,17.100000000000001,9.3000000000000007,DC,Fu3,NA,3,NA,4.2745098039215685,"fusion,growth"
2033,LTER2,BR,P10,Por,2.7,71,40,2021,30,25.5,58,HSL,Fu1,NA,1,NA,1.5073041168658696,"fusion,growth"
2035,LTER2,BR,P10,Por,5.6,85,73,2021,40,61.8,51.5,HSL,Fu1,NA,1,NA,6.107569721115538,"fusion,growth"
2047,LTER2,BR,P02,Por,0.95,90,100,2019,46,31,20,EW,UK,Fu1,1,NA,1.6166666666666667,"fusion,growth"
2093,LTER2,BR,P02,Poc,8.25,50,60,2015,18,17.2,17.100000000000001,CA,Fu1,NA,1,NA,2.5388349514563107,"fusion,growth"
2112,LTER2,BR,P03,Poc,3.6,50,50,2015,17.100000000000001,17.899999999999999,18.600000000000001,CA,Fu2,NA,2,NA,1.0698602794411178,"fusion,growth"
2215,LTER2,BR,P07,Por,1.4,100,130,2021,100.5,71,69.5,HSL,Fu2,NA,2,NA,1.2159434914228051,"fusion,growth"
2219,LTER2,BR,P07,Por,6.1,65,45,2021,77,62,70,HSL,Fu2,NA,2,NA,2.4161849710982657,"fusion,growth"
2228,LTER2,BR,P08,Por,1.6,20,0,2021,69.900000000000006,51,52,HSL,Fu2,NA,2,NA,1.916851441241685,"fusion,growth"
2229,LTER2,BR,P08,Por,3.1,50,70,2021,49.5,33,37.5,HSL,Fu2,NA,2,NA,1.5523932729624836,"fusion,growth"
2234,LTER2,BR,P08,Por,3.65,40,22,2021,25,25,28,HSL,Fu4,NA,4,NA,5.306122448979592,"fusion,growth"
2244,LTER2,BR,P08,Por,9.8,70,0,2021,34,18.5,33.5,HSL,Fu4,NA,4,NA,1.325115562403698,"fusion,growth"
2333,LTER2,BR,T01,Por,0.81,61,41,2015,3.5,1.8,2.9,MK,Fu1,NA,1,NA,2.733333333333333,"fusion,growth"
2377,LTER2,BR,T01,Por,2.52,47,29,2020,15,12,8,UK,UK,Fu1,1,NA,3.6842105263157894,"fusion,growth"
2384,LTER2,BR,T01,Por,2.65,31,31,2020,13,8,6,UK,UK,Fu2,2,NA,1.255813953488372,"fusion,growth"
2388,LTER2,BR,T01,Por,2.68,21,74,2016,3.9,2.6,2,MK,Fu3,NA,3,NA,1.7,"fusion,growth"
2388,LTER2,BR,T01,Por,2.68,21,74,2017,14,13,16.5,UK,Fu1,NA,1,NA,5.117647058823529,"fusion,growth"
2427,LTER2,BR,T01,Por,2.82,17,84,2016,21.5,10.3,9.8000000000000007,MK,Fu2,NA,2,NA,2.08,"fusion,growth"
2463,LTER2,BR,T01,Por,3,64,113,2016,16.600000000000001,4.0999999999999996,7,MK,Fu5,NA,5,NA,1.306603773584906,"fusion,growth"
2472,LTER2,BR,T01,Por,3.03,39,131,2016,8.8000000000000007,3.7,9.5,MK,Fu4,NA,4,NA,1.25,"fusion,growth"
2474,LTER2,BR,T01,Por,3.05,44,131,2017,11,8.5,5,UK,Fu2,NA,2,NA,3.769230769230769,"fusion,growth"
2477,LTER2,BR,T01,Por,3.06,15,107,2014,4.2,3.3,3.1,MK,Fu1,NA,1,NA,2.3043478260869565,"fusion,growth"
2481,LTER2,BR,T01,Por,3.1,26,124,2020,20,9,16,UK,UK,Fu3,3,NA,1.8,"fusion,growth"
2500,LTER2,BR,T01,Por,3.2,25,137,2015,12.3,4.8,6.9,MK,Fu2,NA,2,NA,3.243243243243243,"fusion,growth"
2502,LTER2,BR,T01,Por,3.22,1,111,2016,5.3,1.1000000000000001,5.3,MK,Fu6,NA,6,NA,1.4444444444444442,"fusion,growth"
2502,LTER2,BR,T01,Por,3.22,1,111,2017,13,13.5,5,UK,Fu3,NA,3,NA,2.6923076923076925,"fusion,growth"
2506,LTER2,BR,T01,Por,3.25,95,113,2017,19,16.5,9,UK,Fu4,NA,4,NA,2.557471264367816,"fusion,growth"
2558,LTER2,BR,T01,Por,3.91,29,77,2017,20.3,12.5,5.9,UK,Fu5,NA,5,NA,2.614864864864865,"fusion,growth"
2561,LTER2,BR,T01,Por,4.03,77,107,2015,13,10.3,14,MK,Fu3,NA,3,NA,1.963157894736842,"fusion,growth"
2617,LTER2,BR,T01,Por,4.56,65,128,2016,17.2,10.3,15.4,MK,Fu7,NA,7,NA,1.43,"fusion,growth"
2617,LTER2,BR,T01,Por,4.56,65,128,2017,19,15,12.5,UK,Fu6,NA,6,NA,1.083916083916084,"fusion,growth"
2632,LTER2,BR,T01,Por,4.75,20,85,2016,104.6,29.4,103,MK,Fu8,NA,8,NA,1.0115236875800255,"fusion,growth"
2632,LTER2,BR,T01,Por,4.75,20,85,2017,110,33,98,UK,Fu7,NA,7,NA,1.0168776371308017,"fusion,growth"
2650,LTER2,BR,T01,Por,4.9,58,125,2020,16,10,13,UK,UK,Fu6,6,NA,1.8571428571428572,"fusion,growth"
2656,LTER2,BR,T01,Por,4.94,52,124,2014,20.3,8.3000000000000007,13,MK,Fu1,NA,1,NA,4.202020202020202,"fusion,growth"
2674,LTER2,BR,T02,Por,0.07,96,82,2015,45,35,15,HSL,Fu1,NA,1,NA,8.715596330275229,"fusion,growth"
2678,LTER2,BR,T02,Por,0.11,42,86,2018,8.5,4.5,8.8000000000000007,EW,UK,Fu1,1,NA,1.579710144927536,"fusion,growth"
2687,LTER2,BR,T02,Por,0.21,57,30,2020,11,11,28,UK,UK,Fu1,1,NA,1.1682242990654206,"fusion,growth"
2691,LTER2,BR,T02,Por,0.22,99,112,2019,21,21,15,EW,UK,Fu1,1,NA,3.8,"fusion,growth"
2693,LTER2,BR,T02,Por,0.23,91,35,2015,24,22,7,HSL,Fu3,NA,3,NA,5.3,"fusion,growth"
2702,LTER2,BR,T02,Por,0.25,92,60,2015,28,19,14,HSL,Fu2,NA,2,NA,6.039603960396039,"fusion,growth"
2729,LTER2,BR,T02,Por,3,64,48,2015,4.5,4.4000000000000004,3.2,HSL,Fu4,NA,4,NA,1.0168067226890758,"fusion,growth"
2744,LTER2,BR,T02,Por,3.89,63,58,2018,20.100000000000001,9,4.8,EW,UK,Fu2,2,NA,1.303846153846154,"fusion,growth"
2790,LTER2,BR,T03,Por,0,42,42,2018,37.1,16.100000000000001,11,HSL,UK,Fu1,1,NA,3.0571428571428574,"fusion,growth"
2790,LTER2,BR,T03,Por,0,42,42,2019,41.4,17.2,13.5,UK,UK,Fu1,1,NA,1.1230529595015577,"fusion,growth"
2790,LTER2,BR,T03,Por,0,42,42,2021,33.5,22.6,26.3,HSL,Fu2,NA,2,NA,1.136551724137931,"fusion,growth"
2794,LTER2,BR,T03,Por,0.13,35,25,2014,21.1,8.4,13.2,EW,Fu1,NA,1,NA,1.0675,"fusion,growth"
2794,LTER2,BR,T03,Por,0.13,35,25,2017,21.5,11,12,RH,Fu1,NA,1,NA,1.304985337243402,"fusion,growth"
2809,LTER2,BR,T03,Por,0.26,90,19,2019,12.5,10,10,HSL,UK,Fu2,2,NA,1.555023923444976,"fusion,growth"
2843,LTER2,BR,T03,Por,0.78,58,50,2018,18.3,19,7.8,HSL,UK,Fu2,2,NA,2.3128205128205126,"fusion,growth"
2843,LTER2,BR,T03,Por,0.78,58,50,2020,16.8,8,4,UK,UK,Fu1,1,NA,1.0285714285714287,"fusion,growth"
2855,LTER2,BR,T03,Poc,1.15,16,41,2020,20.7,22.7,18,UK,UK,Fu2,2,NA,1.4212962962962965,"fusion,growth"
2869,LTER2,BR,T03,Por,1.55,75,100,2019,19,9,3,HSL,UK,Fu3,3,NA,2,"fusion,growth"
2915,LTER2,BR,T03,Por,3.75,65,23,2021,22.5,20,23.5,HSL,Fu3,NA,3,NA,1.3333333333333333,"fusion,growth"
2936,LTER2,BR,T03,Poc,4.8,9,10,2019,6,2.7,2.2000000000000002,HSL,UK,Fu4,4,NA,1.6268656716417909,"fusion,growth"
2937,LTER2,BR,T03,Por,4.8,23,32,2021,55,19,22.5,HSL,Fu4,NA,4,NA,4.488372093023256,"fusion,growth"
2938,LTER2,BR,T03,Por,4.82,18,20,2016,16,13,13,HSL,Fu1,NA,1,NA,1.4383561643835616,"fusion,growth"
2940,LTER2,BR,T03,Por,4.85,21,35,2018,16,13.5,10,HSL,UK,Fu3,3,NA,2.6333333333333333,"fusion,growth"
2971,LTER2,BR,T04,Por,0.38,90,60,2022,28.5,13.5,29.2,HL,FU2,NA,2,NA,5.085714285714286,"fusion,growth"
2976,LTER2,BR,T04,Por,0.45,76,69,2021,25,20,15,HSL,Fu5,NA,5,NA,1.2,"fusion,growth"
3049,LTER2,BR,T04,Por,3.27,74,84,2019,23,15,24,HSL,UK,Fu1,1,NA,1.0163934426229508,"fusion,growth"
3055,LTER2,BR,T04,Por,3.41,80,94,2016,26,32,12,HSL,Fu1,NA,1,NA,2.083333333333333,"fusion,growth"
3070,LTER2,BR,T04,Por,4.14,28,20,2019,19.3,6.3,5.2,HSL,UK,Fu2,2,NA,2.588235294117647,"fusion,growth"
3073,LTER2,BR,T04,Por,4.15,15,25,2021,28,13,23,HSL,Fu6,NA,6,NA,1.8285714285714283,"fusion,growth"
3089,LTER2,BR,T04,Poc,4.47,11,66,2017,6.5,5,4,RH,Fu2,NA,2,NA,2.2142857142857144,"fusion,growth"
3095,LTER2,BR,T04,Por,4.5,82,35,2021,25,14.5,21,HSL,Fu6,NA,6,NA,1.423529411764706,"fusion,growth"
3100,LTER2,BR,T04,Por,4.62,31,60,2016,7,5.5,3.5,HSL,Fu2,NA,2,NA,1.8823529411764703,"fusion,growth"
3112,LTER2,BR,T04,Por,4.79,28,54,2015,12.7,9.9,17.100000000000001,CA,Fu1,NA,1,NA,2.7957746478873244,"fusion,growth"
3134,LTER2,OR,T01,Poc,0.06,13,16,2015,23.1,14.2,18.600000000000001,CA,Fu1,NA,1,NA,4.544715447154471,"fusion,growth"
3191,LTER2,OR,T01,Mil,0.55,22,16,2015,63.5,37.1,37.6,CA,Fu3,NA,3,NA,1.6711003627569527,"fusion,growth"
3202,LTER2,OR,T01,Por,0.65,100,0,2020,19.5,15.5,11,UK,UK,Fu1,1,NA,1.6370106761565837,"fusion,growth"
3225,LTER2,OR,T01,Poc,0.9,34,16,2015,20,15.4,16.600000000000001,CA,Fu2,NA,2,NA,1.8705035971223023,"fusion,growth"
3356,LTER2,OR,T02,Acr,3.28,18,12,2016,17.5,9.9,9.5,HSL,Fu1,NA,1,NA,1.6184210526315788,"fusion,growth"
3375,LTER2,OR,T03,Poc,0.02,64,9,2016,8.8000000000000007,14.1,9,DC,Fu1,NA,1,NA,1.1038062283737025,"fusion,growth"
3391,LTER2,OR,T03,Poc,0.13,61,10,2015,13.4,10.5,5.9,HSL,Fu1,NA,1,NA,1.874213836477987,"fusion,growth"
3399,LTER2,OR,T03,Poc,0.18,48,10,2015,12.3,13.4,8.9,HSL,Fu2,NA,2,NA,1.4913793103448274,"fusion,growth"
3433,LTER2,OR,T03,Poc,0.52,96,14,2015,13.8,12.4,4.5,HSL,Fu3,NA,3,NA,2.033112582781457,"fusion,growth"
3440,LTER2,OR,T03,Poc,0.59,36,10,2016,9.8000000000000007,19.600000000000001,15,DC,Fu2,NA,2,NA,1.0447058823529414,"fusion,growth"
3447,LTER2,OR,T03,Poc,0.65,8,13,2020,39,35,11,HSL,UK,Fu2,2,NA,2.109181141439206,"fusion,growth"
3455,LTER2,OR,T03,Poc,0.7,44,11,2015,18.3,10.1,9.1,HSL,Fu4,NA,4,NA,1.8939393939393936,"fusion,growth"
3776,LTER4,BR,P01,Poc,1.27,22,34,2015,8.1999999999999993,4.5,2.2000000000000002,HSL,Fu1,NA,1,NA,2.403225806451613,"fusion,growth"
3851,LTER4,BR,P01,Poc,5.46,96,67,2016,10.7,7,4,HSL,Fu1,NA,1,NA,1.8083333333333331,"fusion,growth"
3901,LTER4,BR,P01,Poc,9.75,70,79,2014,5.5,1.6,1.7,EW,Fu1,NA,1,NA,1.3333333333333333,"fusion,growth"
3901,LTER4,BR,P01,Poc,9.75,70,79,2016,8.5,8.1999999999999993,2,HSL,Fu2,NA,2,NA,1.3357142857142854,"fusion,growth"
4168,LTER4,BR,P05,Acr,4.39,57,65,2014,16,12,1.2,EW,Fu1,NA,1,NA,2.5391304347826087,"fusion,growth"
4295,LTER4,BR,P07,Por,4.33,82,45,2014,94.7,75,37.5,HSL,Fu1,NA,1,NA,1.197687861271676,"fusion,growth"
4308,LTER4,BR,P07,Por,9.55,85,80,2021,118,95.5,93,HSL,Fu2,NA,2,NA,1.035472972972973,"fusion,growth"
4313,LTER4,BR,P08,Por,3.4,25,0,2021,150,100.5,93,HSL,Fu1,NA,1,NA,4.705479452054795,"fusion,growth"
4346,LTER4,BR,P09,Por,5.2,18,50,2015,59.1,18.100000000000001,40.6,CA,Fu1,NA,1,NA,1.6521739130434785,"fusion,growth"
4346,LTER4,BR,P09,Por,5.2,18,50,2021,61,39,50,HSL,Fu3,NA,3,NA,1.6853932584269662,"fusion,growth"
4363,LTER4,BR,P09,Por,6.9,0,40,2021,67,40,57,HSL,Fu3,NA,3,NA,1.772972972972973,"fusion,growth"
4372,LTER4,BR,P09,Acr,7.85,40,65,2015,16.899999999999999,12,6.6,CA,Fu2,NA,2,NA,1.232638888888889,"fusion,growth"
4374,LTER4,BR,P09,Acr,8,60,65,2016,7.8,9.5,2.2999999999999998,DC,Fu1,NA,1,NA,2.3902439024390247,"fusion,growth"
4408,LTER4,BR,T01,Por,0.1,25,58,2014,3.4,3.3,3,MK,Fu1,NA,1,NA,1.3108108108108107,"fusion,growth"
4453,LTER4,BR,T01,Por,0.59,13,63,2014,6.9,2.9,4.9000000000000004,MK,Fu2,NA,2,NA,2.1617647058823533,"fusion,growth"
4455,LTER4,BR,T01,Por,0.6,16,63,2020,8,8,5,EW,UK,Fu1,1,NA,2.763157894736842,"fusion,growth"
4460,LTER4,BR,T01,Por,0.65,61,9,2015,24,15.6,11.3,MK,Fu1,NA,1,NA,1.7551724137931035,"fusion,growth"
4460,LTER4,BR,T01,Por,0.65,61,9,2016,25,16.100000000000001,15.5,MK,Fu1,NA,1,NA,1.111984282907662,"fusion,growth"
4480,LTER4,BR,T01,Por,0.82,16,30,2019,24,13.5,7,EW,UK,Fu1,1,NA,1.155844155844156,"fusion,growth"
4498,LTER4,BR,T01,Por,1.04,94,37,2020,16,11,6,EW,UK,Fu2,2,NA,1.4798206278026906,"fusion,growth"
4503,LTER4,BR,T01,Poc,1.15,85,35,2015,7.7,3.5,3.3,MK,Fu2,NA,2,NA,1.2831858407079646,"fusion,growth"
4569,LTER4,BR,T01,Por,1.54,81,81,2015,5.9,5.4,4.0999999999999996,MK,Fu3,NA,3,NA,2.0263157894736845,"fusion,growth"
4572,LTER4,BR,T01,Por,1.55,76,81,2015,10.3,7.5,6.8,MK,Fu4,NA,4,NA,2.86046511627907,"fusion,growth"
4589,LTER4,BR,T01,Por,1.72,78,74,2014,12.1,6.9,8.8000000000000007,MK,Fu3,NA,3,NA,2.9574468085106385,"fusion,growth"
4634,LTER4,BR,T01,Por,2.3,23,10,2016,13.5,4.8,5.5,MK,Fu1,NA,1,NA,5.534883720930232,"fusion,growth"
4646,LTER4,BR,T01,Por,2.42,1,7,2016,13.7,6.7,2.5,MK,Fu2,NA,2,NA,1.1804123711340206,"fusion,growth"
4656,LTER4,BR,T01,Por,3,95,21,2022,36.700000000000003,39.200000000000003,20.2,MK,FU1,NA,1,NA,2.396508728179551,"fusion,growth"
4701,LTER4,BR,T01,Por,4.72,46,10,2014,12.1,3.7,6,MK,Fu1,NA,1,NA,1.2823529411764707,"fusion,growth"
4703,LTER4,BR,T01,Por,4.72,100,29,2016,52.5,18.7,42,MK,Fu3,NA,3,NA,1.1658084449021626,"fusion,growth"
4738,LTER4,BR,T02,Por,0.07,64,65,2014,8,6,2,HSL,Fu1,NA,1,NA,2.2857142857142856,"fusion,growth"
4746,LTER4,BR,T02,Por,0.17,80,74,2020,95,58,110,EW,UK,Fu1,1,NA,13.487179487179487,"fusion,growth"
4779,LTER4,BR,T02,Acr,2.39,50,50,2015,3,5.2,4.5999999999999996,CA,Fu1,NA,1,NA,1.2799999999999998,"fusion,growth"
4785,LTER4,BR,T02,Por,2.5,2,42,2021,28,8.8000000000000007,14.7,MK,Fu1,NA,1,NA,2.641025641025641,"fusion,growth"
4795,LTER4,BR,T02,Por,2.65,14,60,2019,44,22,29,EW,UK,Fu1,1,NA,1.0052910052910051,"fusion,growth"
4830,LTER4,BR,T02,Por,3.07,20,64,2014,4.3,2.8,1.7,HSL,Fu3,NA,3,NA,2.1999999999999997,"fusion,growth"
4830,LTER4,BR,T02,Por,3.07,20,64,2015,10.5,4.5999999999999996,3.1,CA,Fu4,NA,4,NA,2.0681818181818183,"fusion,growth"
4883,LTER4,BR,T02,Por,3.9,91,90,2014,17,16,10,HSL,Fu4,NA,4,NA,1.1025641025641026,"fusion,growth"
4886,LTER4,BR,T02,Por,4.08,84,100,2014,23,20,17,HSL,Fu5,NA,5,NA,17.142857142857142,"fusion,growth"
4906,LTER4,BR,T02,Por,4.4,37,35,2014,68,66,66,HSL,Fu6,NA,6,NA,1.1695906432748535,"fusion,growth"
4907,LTER4,BR,T02,Por,4.4,50,50,2020,98,50,30,EW,UK,Fu2,2,NA,2.057803468208093,"fusion,growth"
4918,LTER4,BR,T02,Por,4.75,24,54,2021,43.2,40.5,44.5,MK,Fu3,NA,3,NA,6.253658536585365,"fusion,growth"
4919,LTER4,BR,T02,Por,4.75,44,100,2020,34,24,40,EW,UK,Fu3,3,NA,5.297297297297297,"fusion,growth"
4937,LTER4,BR,T03,Por,0.2,18,45,2019,51.5,43.1,31.1,UK,UK,Fu1,1,NA,1.1638888888888888,"fusion,growth"
4937,LTER4,BR,T03,Por,0.2,18,45,2020,55.2,43.5,43.5,HSL,UK,Fu1,1,NA,1.1312649164677804,"fusion,growth"
4940,LTER4,BR,T03,Por,0.21,62,80,2014,31.1,11,4.5,EW,Fu1,NA,1,NA,4.052173913043478,"fusion,growth"
4941,LTER4,BR,T03,Por,0.24,43,60,2019,17,22,10,UK,UK,Fu2,2,NA,2.6486486486486487,"fusion,growth"
4951,LTER4,BR,T03,Por,0.28,60,60,2021,30,32.5,22.6,HSL,Fu1,NA,1,NA,6.753968253968253,"fusion,growth"
4963,LTER4,BR,T03,Por,0.35,89,25,2019,68,37.200000000000003,30.5,EW,UK,Fu3,3,NA,1.1141215106732347,"fusion,growth"
4966,LTER4,BR,T03,Por,0.4,18,13.9,2020,38.5,26,17.5,HSL,UK,Fu2,2,NA,1.2974683544303798,"fusion,growth"
4981,LTER4,BR,T03,Por,0.83,15,22,2014,7.5,7.9,8.8000000000000007,EW,Fu2,NA,2,NA,3.0250000000000004,"fusion,growth"
4984,LTER4,BR,T03,Por,0.89,8,40,2020,9.5,18,12.5,HSL,UK,Fu3,3,NA,2.0202020202020203,"fusion,growth"
4985,LTER4,BR,T03,Por,0.89,29,28,2016,45.7,27.7,20.3,HSL,Fu1,NA,1,NA,4.39906103286385,"fusion,growth"
5027,LTER4,BR,T03,Por,1.1,20,57,2019,37,30,17,EW,UK,Fu4,4,NA,6.829268292682927,"fusion,growth"
5029,LTER4,BR,T03,Por,1.15,20,26,2015,39,21,15,HSL,Fu1,NA,1,NA,1.3392857142857142,"fusion,growth"
5036,LTER4,BR,T03,Por,1.25,40,0,2021,5,5.3,2.9,HSL,Fu2,NA,2,NA,2.2,"fusion,growth"
5038,LTER4,BR,T03,Por,1.25,61,14,2015,8,8,3,HSL,Fu2,NA,2,NA,3.015873015873016,"fusion,growth"
5043,LTER4,BR,T03,Por,1.3,50,0,2021,8.5,8.3000000000000007,3.5,HSL,Fu3,NA,3,NA,2.7066666666666666,"fusion,growth"
5053,LTER4,BR,T03,Por,1.41,60,30,2016,9.6999999999999993,8.3000000000000007,14.8,HSL,Fu2,NA,2,NA,1.2148148148148148,"fusion,growth"
5064,LTER4,BR,T03,Por,1.53,50,12,2019,18.5,16,18,EW,UK,Fu5,5,NA,3.6206896551724137,"fusion,growth"
5108,LTER4,BR,T03,Por,2.04,35,19,2014,8.8000000000000007,2.9,4.5,EW,Fu3,NA,3,NA,1.1571428571428573,"fusion,growth"
5158,LTER4,BR,T03,Por,3.9,78,3,2020,45,39,45,HSL,UK,Fu4,4,NA,3.169533169533169,"fusion,growth"
5166,LTER4,BR,T03,Por,4.34,80,14,2020,15,19,11,HSL,UK,Fu5,5,NA,1.6071428571428572,"fusion,growth"
5173,LTER4,BR,T03,Acr,4.65,11,15,2016,19,11.8,9.4,HSL,Fu4,NA,4,NA,1.4408602150537635,"fusion,growth"
5197,LTER4,BR,T04,Por,0.9,55,0,2020,5,3,0.6,HSL,UK,Fu1,1,NA,1.2463768115942029,"fusion,growth"
5233,LTER4,BR,T04,Por,1.83,50,21,2015,8.6999999999999993,5.1100000000000003,3.8,CA,Fu1,NA,1,NA,1.9141304347826087,"fusion,growth"
5233,LTER4,BR,T04,Por,1.83,50,21,2019,53,30.5,20,HSL,UK,Fu1,1,NA,1.745362563237774,"fusion,growth"
5241,LTER4,BR,T04,Por,1.95,30,14,2014,41,25,23,HSL,Fu1,NA,1,NA,1.4833333333333334,"fusion,growth"
5253,LTER4,BR,T04,Por,2.15,81,50,2019,45,51,31,HSL,UK,Fu2,2,NA,9.338235294117649,"fusion,growth"
5253,LTER4,BR,T04,Por,2.15,81,50,2021,98,37,36,HSL,Fu1,NA,1,NA,1.5267857142857142,"fusion,growth"
5254,LTER4,BR,T04,Por,2.15,86,47,2014,8,13,2,HSL,Fu2,NA,2,NA,1.7692307692307692,"fusion,growth"
5262,LTER4,BR,T04,Por,2.28,42,25,2015,56,28,27,CA,Fu2,NA,2,NA,1.9473684210526316,"fusion,growth"
5272,LTER4,BR,T04,Por,2.45,36,32,2014,22,8,35,HSL,Fu3,NA,3,NA,5.6521739130434785,"fusion,growth"
5411,LTER4,OR,T01,Acr,2.8,96,4,2015,4.8,3.3,4.8,MK,Fu1,NA,1,NA,2.263157894736842,"fusion,growth"
5499,LTER4,OR,T02,Poc,0.65,3,8.7,2014,25.5,16,8.6999999999999993,EW,Fu1,NA,1,NA,2.15450643776824,"fusion,growth"
5554,LTER4,OR,T02,Mil,1.75,43,30,2015,96,52,40.700000000000003,CA,Fu1,NA,1,NA,1.3468950749464668,"fusion,growth"
5608,LTER4,OR,T03,Acr,0,100,5,2021,31,22.5,20,HSL,Fu1,NA,1,NA,1.1666666666666667,"fusion,growth"
5698,LTER4,OR,T03,Acr,2.15,50,0,2021,9,7.7,7,HSL,Fu2,NA,2,NA,5.925,"fusion,growth"
5784,LTER4,OR,T04,Poc,0.73,29,9,2016,12.1,18.899999999999999,11,DC,Fu1,NA,1,NA,1.2537313432835822,"fusion,growth"
5959,LTER5,BR,P10,Acr,3,100,40,2020,68,58,31,HSL,UK,Fu1,1,NA,1.57,"fusion,growth"
6006,LTER5,BR,P02,Poc,4.73,86,40,2014,35.5,15.9,12.4,EW,Fu1,NA,1,NA,1.396061269146608,"fusion,growth"
6072,LTER5,BR,P03,Poc,5,50,70,2019,52,47,40,HSL,UK,Fu1,1,NA,1.0610687022900764,"fusion,growth"
6084,LTER5,BR,P04,Acr,5.24,80,80,2015,56,35,29,HSL,Fu1,NA,1,NA,1.4285714285714286,"fusion,growth"
6088,LTER5,BR,P04,Acr,5.35,45,0,2019,37,14.5,22.5,HSL,UK,Fu1,1,NA,12.333333333333334,"fusion,growth"
6104,LTER5,BR,P05,Por,3.25,30,30,2015,119,115,50,HSL,Fu1,NA,1,NA,1.257193448428508,"fusion,growth"
6157,LTER5,BR,P07,Por,9.6,80,30,2019,80.2,38.5,32.5,HSL,UK,Fu1,1,NA,1.2144578313253012,"fusion,growth"
6179,LTER5,BR,P09,Por,6,5,80,2015,125,140,88,HSL,Fu1,NA,1,NA,2.139393939393939,"fusion,growth"
6228,LTER5,BR,T01,Por,1.12,43,15,2021,12,10.8,13.6,MK,Fu1,NA,1,NA,2.696296296296296,"fusion,growth"
6252,LTER5,BR,T01,Poc,1.3,32,50,2023,61.1,19.7,20.8,MK,FU1,NA,1,NA,1.6050552922590835,"fusion,growth"
6274,LTER5,BR,T01,Por,1.37,79,39,2016,12,6.8,10.3,MK,Fu1,NA,1,NA,1.347222222222222,"fusion,growth"
6274,LTER5,BR,T01,Por,1.37,79,39,2021,19,9.5,13.3,MK,Fu2,NA,2,NA,1.0717948717948718,"fusion,growth"
6309,LTER5,BR,T01,Por,1.5,81,39,2015,7.1,3,3.7,MK,Fu1,NA,1,NA,2.6538461538461537,"fusion,growth"
6311,LTER5,BR,T01,Por,1.5,96,40,2020,15,15,24,EW,UK,fused with non T coral,NA,NA,1.6463414634146345,"fusion,growth"
6314,LTER5,BR,T01,Por,1.52,73,47,2020,22.5,13.5,17,EW,UK,Fu1,1,NA,2.07843137254902,"fusion,growth"
6352,LTER5,BR,T01,Por,1.66,6,96,2016,4.4000000000000004,2.6,2.7,MK,Fu0,NA,0,NA,1.9019607843137252,"fusion,growth"
6359,LTER5,BR,T01,Por,1.7,95,55,2019,36,24,35,EW,UK,Fu1,1,NA,1.043956043956044,"fusion,growth"
6375,LTER5,BR,T01,Por,1.82,29,78,2015,8,4.3,5,MK,Fu2,NA,2,NA,1.5043478260869565,"fusion,growth"
6407,LTER5,BR,T01,Por,2.03,79,57,2016,36.6,22.3,11.5,MK,Fu3,NA,3,NA,1.0602409638554218,"fusion,growth"
6409,LTER5,BR,T01,Por,2.05,65,69,2016,24.7,11.8,19.399999999999999,MK,Fu2,NA,2,NA,2.0780669144981414,"fusion,growth"
6409,LTER5,BR,T01,Por,2.05,65,69,2020,60,20,33,EW,UK,fused with outside T,NA,NA,1.6376811594202898,"fusion,growth"
6424,LTER5,BR,T01,Por,2.43,43,58,2019,29,19,13,EW,UK,Fu3,3,NA,3.505747126436782,"fusion,growth"
6424,LTER5,BR,T01,Por,2.43,43,58,2020,32,18.5,12,EW,UK,Fu2,2,NA,1.024590163934426,"fusion,growth"
6430,LTER5,BR,T01,Por,2.49,33,71,2014,15.2,7.8,14.9,MK,Fu1,NA,1,NA,1.3535714285714284,"fusion,growth"
6433,LTER5,BR,T01,Por,2.55,44,62,2015,13,11.2,6.5,MK,Fu4,NA,4,NA,1.3175965665236051,"fusion,growth"
6433,LTER5,BR,T01,Por,2.55,44,62,2016,18.7,19.399999999999999,12.7,MK,Fu5,NA,5,NA,1.6547231270358305,"fusion,growth"
6434,LTER5,BR,T01,Por,2.55,53,64,2015,17.7,12,11.2,MK,Fu5,NA,5,NA,1.171919770773639,"fusion,growth"
6453,LTER5,BR,T01,Por,2.9,24,61,2014,49.3,33.1,54.2,MK,Fu2,NA,2,NA,1.7694300518134718,"fusion,growth"
6453,LTER5,BR,T01,Por,2.9,24,61,2020,46.5,29,66,EW,UK,Fu3,3,NA,1.0559701492537314,"fusion,growth"
6491,LTER5,BR,T01,Por,4,39,3,2014,9.6999999999999993,8.5,8.9,MK,Fu3,NA,3,NA,1.3219512195121952,"fusion,growth"
6652,LTER5,BR,T02,Por,1.94,61,27,2016,31,14.4,28.1,DC,Fu1,NA,1,NA,2.03601108033241,"fusion,growth"
6670,LTER5,BR,T02,Por,2.3,90,32,2016,6.5,7.5,8.6,DC,Fu2,NA,2,NA,3.587301587301587,"fusion,growth"
6693,LTER5,BR,T02,Por,4.13,95,42,2019,21,22,18,EW,UK,Fu1,1,NA,11.50943396226415,"fusion,growth"
6702,LTER5,BR,T02,Por,4.3,72,25,2019,46,22,35,EW,UK,Fu2,2,NA,1.0957446808510638,"fusion,growth"
6702,LTER5,BR,T02,Por,4.3,72,25,2020,74,39,63,EW,UK,Fu1,1,NA,1.7087378640776698,"fusion,growth"
6702,LTER5,BR,T02,Por,4.3,72,25,2021,80,59.5,52.2,MK,Fu2,NA,2,NA,1.0892045454545454,"fusion,growth"
6731,LTER5,BR,T03,Por,0.82,52,82,2016,11.4,4.2,1.5,HSL,Fu1,NA,1,NA,1.3153846153846156,"fusion,growth"
6757,LTER5,BR,T03,Por,1.14,85,30,2016,11.3,8.5,11,HSL,Fu2,NA,2,NA,3.08,"fusion,growth"
6803,LTER5,BR,T03,Por,3.2,27,60,2021,27.5,22.5,9,HSL,Fu1,NA,1,NA,1.7002881844380402,"fusion,growth"
6813,LTER5,BR,T03,Por,3.58,50,30,2015,37,18,34,HSL,Fu1,NA,1,NA,1.0987654320987654,"fusion,growth"
6841,LTER5,BR,T03,Poc,4.65,65,30,2020,33,29,20,HSL,UK,Fu1,1,NA,2.3098591549295775,"fusion,growth"
6860,LTER5,BR,T04,Por,0.01,58,57,2014,18.5,12.6,13,HSL,Fu1,NA,1,NA,1.1454545454545455,"fusion,growth"
6862,LTER5,BR,T04,Por,0.02,73,50,2020,45,33,19.7,HSL,UK,Fu1,1,NA,1.4961715160796325,"fusion,growth"
6882,LTER5,BR,T04,Por,0.32,41,53,2016,6.4,4.4000000000000004,2.4,HSL,Fu1,NA,1,NA,1.0153846153846156,"fusion,growth"
6918,LTER5,BR,T04,Por,1.16,1,14,2015,48,50,22,HSL,Fu1,NA,1,NA,1.218274111675127,"fusion,growth"
6918,LTER5,BR,T04,Por,1.16,1,14,2019,57.5,81,73.7,HSL,UK,Fu2,2,NA,1.031098153547133,"fusion,growth"
6945,LTER5,BR,T04,Por,2.9,60,20,2021,16,16,23.5,HSL,Fu3,NA,3,NA,2.9210526315789473,"fusion,growth"
6960,LTER5,BR,T04,Por,3.92,83,160,2021,78.8,94.5,118.2,HSL,Fu4,NA,4,NA,10.523465703971118,"fusion,growth"
6990,LTER5,BR,T04,Por,4.9,80,60,2019,35,52,58,HSL,UK,Fu4,4,NA,3.452380952380953,"fusion,growth"
6993,LTER5,BR,T04,Por,5,70,80,2021,15,8.5,23,HSL,Fu,NA,NA,NA,9.6875,"fusion,growth"
7052,LTER5,OR,T01,Poc,0.73,20,0,2021,15.5,15,11.5,HSL,Fu1,NA,1,NA,1.0769230769230769,"fusion,growth"
7192,LTER5,OR,T02,Poc,0.3,75,0,2015,5,6.9,3.4,CA,Fu1,NA,1,NA,2.0958904109589045,"fusion,growth"
7202,LTER5,OR,T02,Poc,0.47,34,0,2016,3,3,3.3,MK,Fu1,NA,1,NA,3.2068965517241383,"fusion,growth"
7397,LTER5,OR,T03,Poc,0.71,80,10,2016,20.3,18.100000000000001,13.9,DC,Fu3,NA,3,NA,1.520348837209302,"fusion,growth"
2632,LTER2,BR,T01,Por,4.75,20,85,2014,102.6,38.299999999999997,89,MK,Fu-Ed,NA,NA,NA,1.277222222222222,"fusion,growth,edge"
2632,LTER2,BR,T01,Por,4.75,20,85,2015,108.8,33.700000000000003,91.8,MK,Fu4-Ed,NA,4,NA,1.0191387559808611,"fusion,growth,edge"
4765,LTER4,BR,T02,Por,1.9,0,12,2016,16,25,16.5,DC,Fu-Ed,NA,NA,NA,4.457364341085271,"fusion,growth,edge"
5666,LTER4,OR,T03,Poc,0.99,85,2,2016,25.5,10.9,9.4,MK,"Fu, Ed",NA,NA,NA,4.58,"fusion,growth,edge"
6446,LTER5,BR,T01,Por,2.72,6,83,2014,42.2,19.399999999999999,26.6,MK,Fu-Ed,NA,NA,NA,4.009090909090909,"fusion,growth,edge"
6453,LTER5,BR,T01,Por,2.9,24,61,2022,108.2,106.5,78.3,MK,"FU, Ed",NA,NA,NA,1.8369905956112853,"fusion,growth,edge"
6469,LTER5,BR,T01,Por,3.3,81,75,2014,15,8.1999999999999993,16.7,MK,Fu-Ed,NA,NA,NA,2.5576923076923075,"fusion,growth,edge"
6678,LTER5,BR,T02,Por,2.5,4,10,2021,39.9,55.3,45,MK,"Fu1, edge",NA,1,NA,1.593181818181818,"fusion,growth,edge"
6681,LTER5,BR,T02,Por,3.4,51,25,2021,97.1,73.3,69.8,MK,"Fu1, edge",NA,1,NA,2.7609195402298847,"fusion,growth,edge"
6924,LTER5,BR,T04,Por,1.19,5,20,2022,36,18,11,HL,"FU, Ed",NA,NA,NA,2.8634361233480177,"fusion,growth,edge"
235,LTER1,BR,P02,Por,8.05,27,0,2016,82.5,36,56,HSL,Fu,NA,NA,NA,0.6685823754789272,"fusion,shrinkage"
479,LTER1,BR,T01,Por,0.2,61,0,2021,6.6,2.4,3.4,MK,Fu1,NA,1,NA,0.3936507936507936,"fusion,shrinkage"
821,LTER1,BR,T02,Por,3.95,35,19,2016,33.1,24.2,16.8,HSL,Fu1,NA,1,NA,0.8449258836944127,"fusion,shrinkage"
821,LTER1,BR,T02,Por,3.95,35,19,2017,32,14.5,8,EW,Fu1,NA,1,NA,0.7354925775978408,"fusion,shrinkage"
904,LTER1,BR,T03,Por,2.53,28,0,2016,14.7,15.3,15.6,HSL,Fu1,NA,1,NA,0.8142857142857143,"fusion,shrinkage"
904,LTER1,BR,T03,Por,2.53,28,0,2018,33,11.2,9.4,AP,NA,Fu1,1,NA,0.878688524590164,"fusion,shrinkage"
1120,LTER1,BR,T04,Por,2.5,42,0,2015,72,39,82.1,CA,Fu3,NA,3,NA,0.7426923076923077,"fusion,shrinkage"
1134,LTER1,BR,T04,Por,2.6,70,45,2018,74,38,19,EW,NA,Fu4,4,NA,0.9562043795620438,"fusion,shrinkage"
1377,LTER1,OR,T01,Poc,0.58,53,2,2021,7.4,3.3,5.3,MK,Fu1,NA,1,NA,0.35555555555555557,"fusion,shrinkage"
1556,LTER1,OR,T02,Poc,0.62,28,7,2015,15.1,6.5,10.199999999999999,CA,Fu1,NA,1,NA,0.8857938718662953,"fusion,shrinkage"
2197,LTER2,BR,P06,Por,1.15,40,26,2021,33.700000000000003,27.5,9.5,HSL,Fu1,NA,1,NA,0.9751724137931036,"fusion,shrinkage"
2201,LTER2,BR,P06,Por,5.6,83,60,2021,11.5,31,31,HSL,Fu1,NA,1,NA,0.926860025220681,"fusion,shrinkage"
2342,LTER2,BR,T01,Por,0.97,50,12,2016,10.1,4.5999999999999996,6.2,MK,Fu1,NA,1,NA,0.9126637554585152,"fusion,shrinkage"
2556,LTER2,BR,T01,Por,3.87,19,89,2020,12,11,5,UK,UK,Fu5,5,NA,0.7887323943661971,"fusion,shrinkage"
2632,LTER2,BR,T01,Por,4.75,20,85,2018,112,37,75,EW,UK,Fu1,1,NA,0.9294605809128632,"fusion,shrinkage"
2741,LTER2,BR,T02,Por,3.8,40,58,2022,3.65,20.7,25.6,MK,FU1,NA,1,NA,0.9832677165354332,"fusion,shrinkage"
2850,LTER2,BR,T03,Por,1,58,60,2020,9.5,6,4,UK,UK,Fu1,1,NA,0.6521739130434782,"fusion,shrinkage"
3424,LTER2,OR,T03,Poc,0.46,55,5,2020,21,11,18,HSL,UK,Fu1,1,NA,0.7518796992481203,"fusion,shrinkage"
4549,LTER4,BR,T01,Por,1.45,81,81,2016,7.3,4,2,MK,Fu2,NA,2,NA,0.6751269035532994,"fusion,shrinkage"
4795,LTER4,BR,T02,Por,2.65,14,60,2021,55.5,17.8,15.5,MK,Fu2,NA,2,NA,0.9548387096774194,"fusion,shrinkage"
4836,LTER4,BR,T02,Por,3.14,37,52,2015,77,43,23,CA,Fu3,NA,3,NA,0.5697211155378487,"fusion,shrinkage"
4907,LTER4,BR,T02,Por,4.4,50,50,2021,80,45,43.5,MK,Fu3,NA,3,NA,0.946629213483146,"fusion,shrinkage"
4963,LTER4,BR,T03,Por,0.35,89,25,2020,22.2,10,12,HSL,UK,Fu7,7,NA,0.3257184966838615,"fusion,shrinkage"
5168,LTER4,BR,T03,Poc,4.48,71,10,2020,19,15,17,HSL,UK,Fu6,6,NA,0.9751434034416826,"fusion,shrinkage"
5864,LTER4,OR,T04,Mil,4.39,23,4,2016,15,12,6.5,DC,Fu2,NA,2,NA,0.8723958333333334,"fusion,shrinkage"
6153,LTER5,BR,P07,Por,7.96,26,65,2021,33,17.5,19,HSL,Fu,NA,NA,NA,0.234006734006734,"fusion,shrinkage"
6162,LTER5,BR,P08,Por,4.5,100,0,2021,30,39,18,HSL,Fu,NA,NA,NA,0.848780487804878,"fusion,shrinkage"
6408,LTER5,BR,T01,Por,2.05,16,98,2015,78.2,59.3,33,MK,Fu3,NA,3,NA,0.7574411372723233,"fusion,shrinkage"
6408,LTER5,BR,T01,Por,2.05,16,98,2016,81.400000000000006,54.7,33,MK,Fu4,NA,4,NA,0.9917888563049856,"fusion,shrinkage"
6408,LTER5,BR,T01,Por,2.05,16,98,2019,55,45,20,EW,UK,Fu2,2,NA,0.9230769230769232,"fusion,shrinkage"
6453,LTER5,BR,T01,Por,2.9,24,61,2016,41.7,27.6,62,MK,Fu6,NA,6,NA,0.948699421965318,"fusion,shrinkage"
6723,LTER5,BR,T03,Poc,0.52,57,75,2021,33,33.5,26.5,HSL,"50% dead, Fu2",NA,2,NA,0.992529348986126,"fusion,shrinkage"
7387,LTER5,OR,T03,Poc,0.6,25,10,2016,20.5,23.6,8.8000000000000007,DC,Fu2,NA,2,NA,0.82398753894081,"fusion,shrinkage"
476,LTER1,BR,T01,Por,0.14,23,74,2014,13.3,12,12,MK,Ed,NA,NA,NA,1.1406727828746177,"growth,edge"
570,LTER1,BR,T01,Poc,1.65,100,40,2015,23.4,14.1,26.1,MK,Ed,NA,NA,NA,1.0079239302694136,"growth,edge"
1211,LTER1,BR,T04,Por,4.46,2,67,2016,10.6,9.9,10.1,DC,Ed,NA,NA,NA,1.4711538461538465,"growth,edge"
1526,LTER1,OR,T02,Poc,0.35,9,34,2015,24.2,16.100000000000001,10.3,CA,Ed,NA,NA,NA,1.5287009063444106,"growth,edge"
1543,LTER1,OR,T02,Poc,0.45,96,13,2015,23.1,16.5,15.9,CA,Ed,NA,NA,NA,1.353658536585366,"growth,edge"
1569,LTER1,OR,T02,Poc,0.67,95,18,2015,19.899999999999999,19.600000000000001,17.5,CA,Ed,NA,NA,NA,1.4921465968586387,"growth,edge"
1858,LTER1,OR,T04,Por,0.57,0,15,2014,9.1999999999999993,3.1,6.8,MK,Ed,NA,NA,NA,1.5279999999999998,"growth,edge"
1894,LTER1,OR,T04,Por,0.8,0,25,2014,5.3,5,3.9,MK,Ed,NA,NA,NA,1.19327731092437,"growth,edge"
1922,LTER1,OR,T04,Por,0.92,0,0,2015,5.0999999999999996,4.5999999999999996,1.6,MK,Ed,NA,NA,NA,1.0865384615384617,"growth,edge"
1980,LTER2,BR,P01,Poc,3.55,100,105,2015,13.4,13.9,13.4,CA,Ed,NA,NA,NA,1.496323529411765,"growth,edge"
2072,LTER2,BR,P02,Poc,4.9,15,60,2015,4.5,5.0999999999999996,4.8,CA,Ed,NA,NA,NA,2.88,"growth,edge"
2077,LTER2,BR,P02,Poc,6.1,98,50,2015,24.8,18.100000000000001,15.2,CA,Ed,NA,NA,NA,1.210416666666667,"growth,edge"
2898,LTER2,BR,T03,Por,2.9,63,47,2017,4,3.5,2,RH,Ed,NA,NA,NA,1.0555555555555556,"growth,edge"
3036,LTER2,BR,T04,Acr,2.83,98,100,2015,19.2,14.6,13.2,CA,Ed,NA,NA,NA,1.3505747126436782,"growth,edge"
3113,LTER2,BR,T04,Poc,4.8,0,30,2015,3.9,3.9,2.9,CA,Ed,NA,NA,NA,3.5666666666666664,"growth,edge"
3146,LTER2,OR,T01,Poc,0.17,99,7.5,2015,7.4,8.6,7,CA,Ed,NA,NA,NA,1.3142857142857145,"growth,edge"
3174,LTER2,OR,T01,Por,0.4,2,9,2015,17.600000000000001,15,12.9,CA,Ed,NA,NA,NA,2.0588235294117645,"growth,edge"
3201,LTER2,OR,T01,Poc,0.65,100,9,2015,9.6,10.4,6.7,CA,Ed,NA,NA,NA,1.3692307692307693,"growth,edge"
3240,LTER2,OR,T01,Acr,1.1,15,13.5,2015,8.1999999999999993,7.4,10.8,CA,Ed,NA,NA,NA,1.6097560975609757,"growth,edge"
3247,LTER2,OR,T01,Mil,2.08,1,17,2015,8.6999999999999993,11.9,11.9,CA,Ed,NA,NA,NA,1.2172284644194755,"growth,edge"
3270,LTER2,OR,T01,Acr,4.63,100,6,2015,12.5,11.1,11.4,CA,Ed,NA,NA,NA,1.3671875,"growth,edge"
3600,LTER2,OR,T04,Poc,1,9,8,2015,16.3,10.6,12.5,MK,Ed,NA,NA,NA,1.3776223776223775,"growth,edge"
3899,LTER4,BR,P01,Por,9.73,75,30,2023,25.7,11.2,8.6,MK,edge,NA,NA,NA,11.375,"growth,edge"
4447,LTER4,BR,T01,Por,0.56,0,69,2014,9.1999999999999993,5.3,6.4,MK,Ed,NA,NA,NA,1.0663265306122447,"growth,edge"
4703,LTER4,BR,T01,Por,4.72,100,29,2022,62,27.3,62.7,MK,FU with edge,NA,NA,NA,1.3058419243986257,"growth,edge"
4765,LTER4,BR,T02,Por,1.9,0,12,2015,3.5,4.5,4.9000000000000004,CA,Ed,NA,NA,NA,1.2169811320754718,"growth,edge"
4787,LTER4,BR,T02,Por,2.6,50,20,2023,38.200000000000003,14.5,28.7,MK,Edge,NA,NA,NA,4.423913043478262,"growth,edge"
4883,LTER4,BR,T02,Por,3.9,91,90,2015,10.6,20,19,CA,Ed,NA,NA,NA,1.1534883720930234,"growth,edge"
5420,LTER4,OR,T01,Acr,3.53,0,11,2016,6.7,4.7,5.8,MK,Ed,NA,NA,NA,1.6862745098039216,"growth,edge"
5430,LTER4,OR,T01,Acr,4.28,93,18,2015,21,18.7,14.8,MK,Ed,NA,NA,NA,1.1645299145299144,"growth,edge"
5499,LTER4,OR,T02,Poc,0.65,3,8.7,2015,25.8,17.899999999999999,16.2,CA,Ed,NA,NA,NA,1.1932270916334664,"growth,edge"
5512,LTER4,OR,T02,Poc,0.77,100,2,2015,7,6.4,4.4000000000000004,CA,Ed,NA,NA,NA,1.5344827586206895,"growth,edge"
5996,LTER5,BR,P02,Por,2.7,90,25,2015,79,50,53,CA,Ed,NA,NA,NA,1.2431693989071038,"growth,edge"
6320,LTER5,BR,T01,Por,1.55,0,77,2014,38.799999999999997,27.1,32.9,MK,Ed,NA,NA,NA,1.1435185185185186,"growth,edge"
6325,LTER5,BR,T01,Por,1.55,96,15,2014,25.9,16.8,29.4,MK,Ed,NA,NA,NA,1.187808896210873,"growth,edge"
6689,LTER5,BR,T02,Poc,3.7,91,40,2016,36.4,33.799999999999997,28,DC,Ed,NA,NA,NA,1.032597266035752,"growth,edge"
7277,LTER5,OR,T02,Acr,2.98,50,2.3,2016,15.7,13.2,12.5,MK,Ed,NA,NA,NA,1.907834101382488,"growth,edge"
7299,LTER5,OR,T02,Acr,4.7,0,3.1,2015,10.3,7.9,6.1,CA,Ed,NA,NA,NA,1.854961832061069,"growth,edge"
7299,LTER5,OR,T02,Acr,4.7,0,3.1,2016,17.8,13.3,10.9,MK,Ed,NA,NA,NA,1.7283950617283947,"growth,edge"
7426,LTER5,OR,T03,Poc,1,9,8,2014,1.9,1.6,1.6,MK,Ed,NA,NA,NA,1.5,"growth,edge"
7426,LTER5,OR,T03,Poc,1,9,8,2015,4,3.4,3.4,MK,Ed,NA,NA,NA,2.11764705882353,"growth,edge"
7428,LTER5,OR,T03,Poc,1,62,5,2014,8.8000000000000007,6.5,6.8,MK,Ed,NA,NA,NA,1.888888888888889,"growth,edge"
7428,LTER5,OR,T03,Poc,1,62,5,2015,15.7,9.5,11.9,MK,Ed,NA,NA,NA,1.6787330316742082,"growth,edge"
7429,LTER5,OR,T03,Poc,1,65,5,2014,4.9000000000000004,3.2,3.3,MK,Ed,NA,NA,NA,1.7538461538461545,"growth,edge"
7447,LTER5,OR,T03,Acr,1.93,99,3,2015,10.199999999999999,7.2,5.3,MK,Ed,NA,NA,NA,2.3163265306122445,"growth,edge"
7477,LTER5,OR,T03_PRE2020,Poc,0,88,6,2014,3,2.7,3.3,EW,Ed,NA,NA,NA,1.4285714285714286,"growth,edge"
7477,LTER5,OR,T03_PRE2020,Poc,0,88,6,2015,3.5,3.4,2.4,CA,Ed,NA,NA,NA,1.0333333333333334,"growth,edge"
7555,LTER5,OR,T03_PRE2020,Mil,4.7,8,13,2015,56,60,40.9,CA,Ed,NA,NA,NA,1.1151385927505333,"growth,edge"
1012,LTER1,BR,T04,Por,0.05,1,30,2016,4.5,6.6,3.1,DC,"Ed, (R), Lo",NA,NA,NA,NA,"recruitment,edge"
1016,LTER1,BR,T04,Por,0.5,100,0,2016,5,6.3,4.0999999999999996,DC,"Ed, (R)",NA,NA,NA,NA,"recruitment,edge"
1029,LTER1,BR,T04,Por,0.75,100,0,2016,1.5,0.3,3.1,DC,"Ed, R",NA,NA,NA,NA,"recruitment,edge"
1190,LTER1,BR,T04,Por,3.45,100,5,2016,11.7,6,7.2,DC,"Ed, (R)",NA,NA,NA,NA,"recruitment,edge"
1204,LTER1,BR,T04,Por,4.11,1,63,2016,3.5,2.9,0.2,DC,"Ed, R",NA,NA,NA,NA,"recruitment,edge"
5413,LTER4,OR,T01,Acr,3.1,0,5,2015,5.4,3.1,3.5,MK,"R,Ed",NA,NA,NA,NA,"recruitment,edge"
5420,LTER4,OR,T01,Acr,3.53,0,11,2015,3.7,2.7,3.8,MK,"R,Ed",NA,NA,NA,NA,"recruitment,edge"
7446,LTER5,OR,T03,Acr,1.9,100,9,2015,1.5,1.4,1.2,MK,"R, Ed",NA,NA,NA,NA,"recruitment,edge"
7519,LTER5,OR,T03_PRE2020,Poc,0.71,98,0,2015,3.6,3.1,2.5,CA,"R, Ed",NA,NA,NA,NA,"recruitment,edge"
7532,LTER5,OR,T03_PRE2020,Poc,0.97,97,3,2016,4.3,3.4,4.7,MK,"R, Ed",NA,NA,NA,NA,"recruitment,edge"
5200,LTER4,BR,T04,Por,0.92,9,0,2016,3.6,5,0.6,UK,"R, Fi1",NA,NA,1,NA,"recruitment,fission"
5202,LTER4,BR,T04,Por,0.95,11,0,2016,3.5,5,0.6,UK,"R, Fi1",NA,NA,1,NA,"recruitment,fission"
495,LTER1,BR,T01,Por,0.74,69,29,2015,1.8,0.9,1.5,MK,R,NA,NA,NA,1.076923076923077,"recruitment,growth"
499,LTER1,BR,T01,Por,0.76,64,37,2015,1.8,0.9,1.5,MK,R,NA,NA,NA,2.1,"recruitment,growth"
505,LTER1,BR,T01,Por,0.8,76,37,2015,2.2999999999999998,0.5,2,MK,R,NA,NA,NA,2.181818181818182,"recruitment,growth"
539,LTER1,BR,T01,Por,1.13,60,8,2015,2.7,1.2,2.2000000000000002,MK,R,NA,NA,NA,1.5250000000000004,"recruitment,growth"
540,LTER1,BR,T01,Por,1.13,64,8,2015,2.9,1.3,2.2000000000000002,MK,R,NA,NA,NA,1.8823529411764703,"recruitment,growth"
566,LTER1,BR,T01,Por,1.51,94,27,2015,1.8,1.1000000000000001,2.1,MK,R,NA,NA,NA,1.0638297872340428,"recruitment,growth"
596,LTER1,BR,T01,Por,2.27,74,6,2016,2.6,1.4,2.2999999999999998,MK,R,NA,NA,NA,1.4318181818181817,"recruitment,growth"
602,LTER1,BR,T01,Por,2.39,40,0,2016,2.8,1.4,2.5,MK,R,NA,NA,NA,1.4255319148936167,"recruitment,growth"
627,LTER1,BR,T01,Por,2.87,57,55,2015,2.7,0.7,2.8,MK,R,NA,NA,NA,1.823529411764706,"recruitment,growth"
636,LTER1,BR,T01,Por,3.01,45,63,2016,2.2999999999999998,0.8,2.1,MK,R,NA,NA,NA,1.1818181818181817,"recruitment,growth"
639,LTER1,BR,T01,Por,3.02,58,50,2015,2.4,1.9,0.8,MK,R,NA,NA,NA,1.5937499999999998,"recruitment,growth"
643,LTER1,BR,T01,Por,3.05,58,48,2015,1.7,0.5,1.6,MK,R,NA,NA,NA,1.0000000000000002,"recruitment,growth"
645,LTER1,BR,T01,Por,3.07,57,45,2015,2.9,0.7,2.2999999999999998,MK,R,NA,NA,NA,2.269230769230769,"recruitment,growth"
2272,LTER2,BR,T01,Por,0.07,46,76,2015,1.7,0.4,0.8,MK,R,NA,NA,NA,1.2083333333333337,"recruitment,growth"
2279,LTER2,BR,T01,Por,0.22,46,71,2016,2.7,2,2.8,MK,R,NA,NA,NA,1.2295081967213115,"recruitment,growth"
2350,LTER2,BR,T01,Por,1.08,94,42,2015,2.4,2.1,2.1,MK,R,NA,NA,NA,1.0476190476190477,"recruitment,growth"
2377,LTER2,BR,T01,Por,2.52,47,29,2015,1.8,0.9,1.8,MK,R,NA,NA,NA,1.0975609756097562,"recruitment,growth"
2389,LTER2,BR,T01,Por,2.68,23,76,2015,1.4,0.6,1.2,MK,R,NA,NA,NA,1.3333333333333333,"recruitment,growth"
2391,LTER2,BR,T01,Por,2.68,86,77,2015,2.4,2.1,1.5,MK,R,NA,NA,NA,1.4285714285714286,"recruitment,growth"
2426,LTER2,BR,T01,Por,2.81,61,73,2015,2.5,2.5,1.8,MK,R,NA,NA,NA,2.72,"recruitment,growth"
2433,LTER2,BR,T01,Por,2.85,32,83,2015,1.4,1.4,0.8,MK,R,NA,NA,NA,1.0909090909090908,"recruitment,growth"
2453,LTER2,BR,T01,Por,2.95,67,103,2015,1.9,0.9,1.7,MK,R,NA,NA,NA,1.7307692307692306,"recruitment,growth"
2464,LTER2,BR,T01,Por,3.01,13,91,2015,2.5,1.7,2.5,MK,R,NA,NA,NA,1.098360655737705,"recruitment,growth"
2466,LTER2,BR,T01,Poc,3.02,21,109,2015,2,1.6,1.5,MK,R,NA,NA,NA,1.108695652173913,"recruitment,growth"
2491,LTER2,BR,T01,Por,3.18,1,109,2015,2.9,1.4,2.2999999999999998,MK,R,NA,NA,NA,2.75,"recruitment,growth"
2601,LTER2,BR,T01,Por,4.3,31,72,2015,2.2999999999999998,2,2.5,MK,R,NA,NA,NA,1.387755102040816,"recruitment,growth"
2611,LTER2,BR,T01,Por,4.48,18,95,2014,1.9,1.9,2.7,MK,R,NA,NA,NA,1.0833333333333333,"recruitment,growth"
2613,LTER2,BR,T01,Por,4.5,28,98,2015,2,0.9,1.3,MK,R,NA,NA,NA,1.4,"recruitment,growth"
4436,LTER4,BR,T01,Por,0.45,20,62,2015,2.5,2.6,1.7,MK,R,NA,NA,NA,1.0303030303030305,"recruitment,growth"
4479,LTER4,BR,T01,Por,0.82,7,55,2015,2.6,1.2,1.8,MK,R,NA,NA,NA,1.0769230769230769,"recruitment,growth"
4481,LTER4,BR,T01,Por,0.82,27,19,2015,2.2999999999999998,1.5,2.2000000000000002,MK,R,NA,NA,NA,1.7142857142857142,"recruitment,growth"
4511,LTER4,BR,T01,Por,1.22,84,66,2015,2.2000000000000002,0.8,2,MK,R,NA,NA,NA,1.7241379310344829,"recruitment,growth"
4512,LTER4,BR,T01,Por,1.23,83,67,2015,1.8,0.9,1.2,MK,R,NA,NA,NA,1.21875,"recruitment,growth"
4521,LTER4,BR,T01,Por,1.28,59,54,2015,2.7,1.7,3,MK,R,NA,NA,NA,1.0571428571428572,"recruitment,growth"
4526,LTER4,BR,T01,Por,1.29,52,37,2015,1.3,0.4,0.9,MK,R,NA,NA,NA,1.368421052631579,"recruitment,growth"
4528,LTER4,BR,T01,Por,1.3,54,50,2015,1.8,0.9,2,MK,R,NA,NA,NA,1.1750000000000005,"recruitment,growth"
4532,LTER4,BR,T01,Por,1.31,87,76,2015,1.1000000000000001,0.9,0.9,MK,R,NA,NA,NA,1.074074074074074,"recruitment,growth"
4557,LTER4,BR,T01,Por,1.5,68,60,2015,2.2000000000000002,1.8,1.1000000000000001,MK,R,NA,NA,NA,1.2142857142857142,"recruitment,growth"
4559,LTER4,BR,T01,Por,1.5,82,81,2016,2.7,2.2999999999999998,2.1,MK,R,NA,NA,NA,1.1833333333333331,"recruitment,growth"
4575,LTER4,BR,T01,Por,1.58,85,82,2016,2.6,1.1000000000000001,1.9,MK,R,NA,NA,NA,1.0769230769230769,"recruitment,growth"
4578,LTER4,BR,T01,Por,1.6,60,73,2015,1.3,0.9,0.4,MK,R,NA,NA,NA,1.04,"recruitment,growth"
4626,LTER4,BR,T01,Por,2.2,24,8,2015,2.2000000000000002,1.3,2.2999999999999998,MK,R,NA,NA,NA,2.32,"recruitment,growth"
4699,LTER4,BR,T01,Por,4.71,41,7,2016,1.6,0.9,0.4,MK,R,NA,NA,NA,1.5263157894736843,"recruitment,growth"
4700,LTER4,BR,T01,Por,4.72,37,8,2016,2.2000000000000002,1.5,2.2999999999999998,MK,R,NA,NA,NA,2.068965517241379,"recruitment,growth"
4742,LTER4,BR,T02,Por,0.14,57,62,2015,2,2.5,2,CA,R,NA,NA,NA,1.0833333333333333,"recruitment,growth"
5145,LTER4,BR,T03,Por,3.63,60,30,2016,3,3,2.5,HSL,R,NA,NA,NA,1.0625,"recruitment,growth"
5224,LTER4,BR,T04,Por,1.78,40,10,2016,1.8,2,1.2,DC,R,NA,NA,NA,1.1111111111111112,"recruitment,growth"
5304,LTER4,BR,T04,Por,3.79,58,1,2015,2,3,1.5,CA,R,NA,NA,NA,1.3,"recruitment,growth"
6229,LTER5,BR,T01,Por,1.13,18,50,2015,2.6,2.5,2.8,MK,R,NA,NA,NA,1.0394736842105263,"recruitment,growth"
6265,LTER5,BR,T01,Por,1.35,5,59,2015,3,2.2999999999999998,2.7,MK,R,NA,NA,NA,1.6666666666666667,"recruitment,growth"
6313,LTER5,BR,T01,Por,1.51,89,47,2015,2.6,1.6,3,MK,R,NA,NA,NA,1.2,"recruitment,growth"
6321,LTER5,BR,T01,Por,1.55,33,67,2015,2,1.2,2.1,MK,R,NA,NA,NA,1.0000000000000002,"recruitment,growth"
6347,LTER5,BR,T01,Por,1.65,4,97,2016,2.9,2.2000000000000002,2.2000000000000002,MK,R,NA,NA,NA,1.1230769230769233,"recruitment,growth"
6351,LTER5,BR,T01,Por,1.65,95,45,2015,3,2,1.5,MK,R,NA,NA,NA,1.2745098039215688,"recruitment,growth"
6357,LTER5,BR,T01,Por,1.7,6,97,2015,2.5,1.5,1.7,MK,R,NA,NA,NA,1.0000000000000002,"recruitment,growth"
6364,LTER5,BR,T01,Por,1.74,80,50,2015,2.9,2.6,2,MK,R,NA,NA,NA,1.0869565217391304,"recruitment,growth"
6381,LTER5,BR,T01,Por,1.86,87,57,2015,1.6,1.5,1.4,MK,R,NA,NA,NA,1.6071428571428572,"recruitment,growth"
6412,LTER5,BR,T01,Por,2.09,54,71,2015,2.6,1.9,2.6,MK,R,NA,NA,NA,1.0289855072463767,"recruitment,growth"
6637,LTER5,BR,T02,Por,1.78,61,9,2015,2.6,2.8,1.4,CA,R,NA,NA,NA,1.5454545454545454,"recruitment,growth"
6655,LTER5,BR,T02,Por,2.01,55,10,2015,1.6,1.7,2.2999999999999998,CA,R,NA,NA,NA,1.1666666666666667,"recruitment,growth"
41,LTER1,BR,P01,Poc,3.17,37,73,2015,0.8,0.5,0.5,MK,R,NA,NA,NA,0.32142857142857145,"recruitment,shrinkage"
53,LTER1,BR,P01,Poc,4,95,24,2014,1.6,1,2,MK,R,NA,NA,NA,0.575,"recruitment,shrinkage"
483,LTER1,BR,T01,Por,0.27,43,52,2016,2.5,1.2,1.4,MK,R,NA,NA,NA,0.8095238095238095,"recruitment,shrinkage"
501,LTER1,BR,T01,Por,0.77,74,30,2015,2.2999999999999998,0.5,2,MK,R,NA,NA,NA,0.9411764705882352,"recruitment,shrinkage"
518,LTER1,BR,T01,Por,0.98,25,8,2016,2.2999999999999998,2,2.6,MK,R,NA,NA,NA,0.4758620689655173,"recruitment,shrinkage"
542,LTER1,BR,T01,Por,1.15,85,30,2016,2.4,0.6,2.2000000000000002,MK,R,NA,NA,NA,0.7222222222222223,"recruitment,shrinkage"
544,LTER1,BR,T01,Por,1.18,92,38,2014,2,0.9,1.1000000000000001,MK,R,NA,NA,NA,0.48780487804878053,"recruitment,shrinkage"
560,LTER1,BR,T01,Por,1.49,90,30,2015,2.2000000000000002,0.6,1.4,MK,R,NA,NA,NA,0.7241379310344828,"recruitment,shrinkage"
582,LTER1,BR,T01,Por,2.08,42,15,2016,1.5,1.8,0.7,MK,R,NA,NA,NA,0.32,"recruitment,shrinkage"
584,LTER1,BR,T01,Por,2.14,48,15,2014,3,0.8,2.8,MK,R,NA,NA,NA,0.825,"recruitment,shrinkage"
585,LTER1,BR,T01,Por,2.14,50,10,2015,0.8,0.6,0.4,MK,R,NA,NA,NA,0.1875,"recruitment,shrinkage"
628,LTER1,BR,T01,Por,2.87,58,53,2015,0.8,0.3,0.6,MK,R,NA,NA,NA,0.6296296296296297,"recruitment,shrinkage"
631,LTER1,BR,T01,Poc,2.95,6,25,2015,2.9,0.5,2.1,MK,R,NA,NA,NA,0.7432432432432432,"recruitment,shrinkage"
637,LTER1,BR,T01,Poc,3.02,43,60,2016,1.4,1.1000000000000001,0.8,MK,R,NA,NA,NA,0.6,"recruitment,shrinkage"
640,LTER1,BR,T01,Por,3.03,62,44,2016,2.7,1.6,0.4,MK,R,NA,NA,NA,0.6438356164383563,"recruitment,shrinkage"
648,LTER1,BR,T01,Por,3.1,55,39,2015,2.9,0.5,2.1,MK,R,NA,NA,NA,0.859375,"recruitment,shrinkage"
657,LTER1,BR,T01,Por,3.67,56,36,2014,2.7,2.4,0.8,MK,R,NA,NA,NA,0.8428571428571427,"recruitment,shrinkage"
659,LTER1,BR,T01,Por,3.69,59,34,2016,2.6,0.3,1.7,MK,R,NA,NA,NA,0.7540983606557377,"recruitment,shrinkage"
673,LTER1,BR,T01,Por,4,35,62,2016,2.2000000000000002,1.4,1.6,MK,R,NA,NA,NA,0.6666666666666667,"recruitment,shrinkage"
680,LTER1,BR,T01,Por,4.3,45,46,2014,2.4,0.9,1.1000000000000001,MK,R,NA,NA,NA,0.619718309859155,"recruitment,shrinkage"
1049,LTER1,BR,T04,Por,1.21,11,43,2015,2,2.2000000000000002,2,CA,R,NA,NA,NA,0.7948717948717948,"recruitment,shrinkage"
1159,LTER1,BR,T04,Por,2.78,10,33,2015,1.5,1.5,1.5,CA,R,NA,NA,NA,0.4945054945054945,"recruitment,shrinkage"
1208,LTER1,BR,T04,Por,4.36,8,65,2015,1.2,0.9,1.1000000000000001,CA,R,NA,NA,NA,0.13333333333333333,"recruitment,shrinkage"
2275,LTER2,BR,T01,Por,0.17,76,136,2014,1.7,2.8,2.2000000000000002,MK,R,NA,NA,NA,0.5775862068965517,"recruitment,shrinkage"
2279,LTER2,BR,T01,Por,0.22,46,71,2014,2.4,0.9,1.9,MK,R,NA,NA,NA,0.753623188405797,"recruitment,shrinkage"
2287,LTER2,BR,T01,Por,0.26,46,64,2014,1.1000000000000001,1.2,0.5,MK,R,NA,NA,NA,0.3218390804597701,"recruitment,shrinkage"
2294,LTER2,BR,T01,Por,0.3,44,73,2015,1.6,0.7,1.9,MK,R,NA,NA,NA,0.6774193548387095,"recruitment,shrinkage"
2351,LTER2,BR,T01,Por,1.09,90,37,2014,2.5,1,2.1,MK,R,NA,NA,NA,0.7272727272727273,"recruitment,shrinkage"
2358,LTER2,BR,T01,Por,1.2,95,45,2014,2.8,1.8,2.2999999999999998,MK,R,NA,NA,NA,0.4859154929577464,"recruitment,shrinkage"
2372,LTER2,BR,T01,Por,1.46,26,37,2016,3,0.9,1.9,MK,R,NA,NA,NA,0.9206349206349206,"recruitment,shrinkage"
2373,LTER2,BR,T01,Por,1.5,21,37,2015,2.8,1.5,2.4,MK,R,NA,NA,NA,0.49629629629629624,"recruitment,shrinkage"
2375,LTER2,BR,T01,Por,1.54,34,37,2016,2.1,1,1,MK,R,NA,NA,NA,0.911111111111111,"recruitment,shrinkage"
2382,LTER2,BR,T01,Por,2.61,25,68,2014,2.8,2.6,1,MK,R,NA,NA,NA,0.9014084507042254,"recruitment,shrinkage"
2385,LTER2,BR,T01,Por,2.65,36,31,2015,2,1.9,0.6,MK,R,NA,NA,NA,0.4128440366972477,"recruitment,shrinkage"
2387,LTER2,BR,T01,Por,2.67,88,82,2015,1.9,1.4,1.3,MK,R,NA,NA,NA,0.9019607843137256,"recruitment,shrinkage"
2397,LTER2,BR,T01,Por,2.7,42,72,2015,2.2000000000000002,1.5,1,MK,R,NA,NA,NA,0.6351351351351351,"recruitment,shrinkage"
2398,LTER2,BR,T01,Por,2.7,47,42,2015,2.5,1.7,0.8,MK,R,NA,NA,NA,0.1736111111111111,"recruitment,shrinkage"
2399,LTER2,BR,T01,Por,2.7,48,66,2014,1.7,0.6,1.1000000000000001,MK,R,NA,NA,NA,0.2481751824817518,"recruitment,shrinkage"
2403,LTER2,BR,T01,Por,2.72,22,45,2015,1.7,1.2,1.4,MK,R,NA,NA,NA,0.6417910447761194,"recruitment,shrinkage"
2405,LTER2,BR,T01,Por,2.72,85,74,2014,1.2,0.6,0.2,MK,R,NA,NA,NA,0.18518518518518515,"recruitment,shrinkage"
2412,LTER2,BR,T01,Por,2.75,87,82,2015,1.1000000000000001,1,0.2,MK,R,NA,NA,NA,0.5227272727272727,"recruitment,shrinkage"
2416,LTER2,BR,T01,Por,2.78,55,19,2015,2.2000000000000002,1.9,2.2999999999999998,MK,R,NA,NA,NA,0.6095238095238095,"recruitment,shrinkage"
2437,LTER2,BR,T01,Por,2.86,60,81,2015,2.7,0.9,2.5,MK,R,NA,NA,NA,0.5258620689655172,"recruitment,shrinkage"
2443,LTER2,BR,T01,Por,2.89,55,89,2015,2,0.5,2,MK,R,NA,NA,NA,0.5232558139534884,"recruitment,shrinkage"
2446,LTER2,BR,T01,Por,2.9,53,91,2014,2.4,1.9,1.6,MK,R,NA,NA,NA,0.5267857142857143,"recruitment,shrinkage"
2446,LTER2,BR,T01,Por,2.9,53,91,2016,2.2999999999999998,2.5,0.9,MK,R,NA,NA,NA,0.9047619047619048,"recruitment,shrinkage"
2448,LTER2,BR,T01,Por,2.91,7,64,2014,1.8,1.4,1.6,MK,R,NA,NA,NA,0.4800000000000001,"recruitment,shrinkage"
2468,LTER2,BR,T01,Por,3.02,62,118,2015,2.1,0.5,1.4,MK,R,NA,NA,NA,0.9756097560975612,"recruitment,shrinkage"
2470,LTER2,BR,T01,Por,3.03,31,126,2016,1.8,0.9,1.5,MK,R,NA,NA,NA,0.5121951219512195,"recruitment,shrinkage"
2474,LTER2,BR,T01,Por,3.05,44,131,2015,2.1,2,2.5,MK,R,NA,NA,NA,0.7586206896551725,"recruitment,shrinkage"
2499,LTER2,BR,T01,Por,3.2,20,119,2015,1.9,0.8,1.6,MK,R,NA,NA,NA,0.5058823529411766,"recruitment,shrinkage"
2509,LTER2,BR,T01,Por,3.27,94,108,2016,1.7,0.9,1.7,MK,R,NA,NA,NA,0.34677419354838707,"recruitment,shrinkage"
2524,LTER2,BR,T01,Por,3.42,82,110,2014,2.9,2.7,2.8,MK,R,NA,NA,NA,0.5675675675675674,"recruitment,shrinkage"
2533,LTER2,BR,T01,Por,3.5,28,126,2015,1.8,2,2.5,MK,R,NA,NA,NA,0.1662269129287599,"recruitment,shrinkage"
2538,LTER2,BR,T01,Por,3.52,98,106,2016,1.6,1.2,2,MK,R,NA,NA,NA,0.5217391304347826,"recruitment,shrinkage"
2557,LTER2,BR,T01,Por,3.9,19,77,2015,2.8,2.6,2.2999999999999998,MK,R,NA,NA,NA,0.35159817351598177,"recruitment,shrinkage"
2573,LTER2,BR,T01,Por,4.1,50,101,2014,1.6,0.5,1.5,MK,R,NA,NA,NA,0.6206896551724137,"recruitment,shrinkage"
2578,LTER2,BR,T01,Por,4.12,53,103,2014,2.2999999999999998,0.4,1.8,MK,R,NA,NA,NA,0.3846153846153847,"recruitment,shrinkage"
2580,LTER2,BR,T01,Por,4.14,44,96,2015,2.1,1,1.4,MK,R,NA,NA,NA,0.6338028169014085,"recruitment,shrinkage"
2581,LTER2,BR,T01,Por,4.14,46,99,2015,2.7,0.8,1.6,MK,R,NA,NA,NA,0.4594594594594594,"recruitment,shrinkage"
2609,LTER2,BR,T01,Por,4.45,20,98,2015,2.8,2.7,2.7,MK,R,NA,NA,NA,0.2671009771986971,"recruitment,shrinkage"
2628,LTER2,BR,T01,Por,4.7,35,100,2014,1.7,0.9,1.2,MK,R,NA,NA,NA,0.3838383838383838,"recruitment,shrinkage"
2636,LTER2,BR,T01,Por,4.78,89,130,2015,2.4,1.4,2.7,MK,R,NA,NA,NA,0.9154929577464788,"recruitment,shrinkage"
2654,LTER2,BR,T01,Por,4.93,38,121,2016,2.1,1.7,2,MK,R,NA,NA,NA,0.8169014084507042,"recruitment,shrinkage"
2659,LTER2,BR,T01,Por,4.96,38,112,2015,1.2,0.7,1.3,MK,R,NA,NA,NA,0.13168724279835392,"recruitment,shrinkage"
2662,LTER2,BR,T01,Por,4.98,24,37,2014,2.6,1.2,1.8,MK,R,NA,NA,NA,0.7671232876712328,"recruitment,shrinkage"
2692,LTER2,BR,T02,Por,0.23,54,61,2015,2,1,1,HSL,R,NA,NA,NA,0.2962962962962963,"recruitment,shrinkage"
2809,LTER2,BR,T03,Por,0.26,90,19,2015,2,2,2,HSL,R,NA,NA,NA,0.6818181818181818,"recruitment,shrinkage"
3856,LTER4,BR,P01,Poc,5.51,95,67,2014,3,2.2999999999999998,1.1000000000000001,EW,R,NA,NA,NA,0.5378151260504203,"recruitment,shrinkage"
4377,LTER4,BR,P09,Acr,8.04,66,65,2016,2.6,1.6,1,DC,R,NA,NA,NA,0.896551724137931,"recruitment,shrinkage"
4378,LTER4,BR,P09,Acr,8.08,64,65,2016,2.2000000000000002,2.5,0.3,DC,R,NA,NA,NA,0.7142857142857143,"recruitment,shrinkage"
4402,LTER4,BR,T01,Por,0.06,53,46,2014,1.2,0.7,0.5,MK,R,NA,NA,NA,0.20869565217391303,"recruitment,shrinkage"
4411,LTER4,BR,T01,Por,0.11,16,83,2015,1.6,0.7,1.6,MK,R,NA,NA,NA,0.8478260869565218,"recruitment,shrinkage"
4427,LTER4,BR,T01,Por,0.32,7,70,2015,3,2.4,2.5,MK,R,NA,NA,NA,0.8777777777777778,"recruitment,shrinkage"
4440,LTER4,BR,T01,Por,0.46,30,51,2015,2.8,2.1,2.2999999999999998,MK,R,NA,NA,NA,0.9729729729729728,"recruitment,shrinkage"
4442,LTER4,BR,T01,Por,0.51,35,26,2016,3,0.9,2.6,MK,R,NA,NA,NA,0.4012345679012345,"recruitment,shrinkage"
4448,LTER4,BR,T01,Por,0.56,14,65,2015,2.6,2,1.5,MK,R,NA,NA,NA,0.8026315789473684,"recruitment,shrinkage"
4463,LTER4,BR,T01,Por,0.7,32,40,2015,2.2999999999999998,1.2,2.1,MK,R,NA,NA,NA,0.5833333333333334,"recruitment,shrinkage"
4467,LTER4,BR,T01,Por,0.74,10,57,2015,1.5,1.4,2.1,MK,R,NA,NA,NA,0.9090909090909092,"recruitment,shrinkage"
4476,LTER4,BR,T01,Por,0.8,14,31,2015,0.9,0.6,1.1000000000000001,MK,R,NA,NA,NA,0.4,"recruitment,shrinkage"
4480,LTER4,BR,T01,Por,0.82,16,30,2015,1.1000000000000001,0.9,0.4,MK,R,NA,NA,NA,0.7272727272727273,"recruitment,shrinkage"
4488,LTER4,BR,T01,Por,0.84,20,21,2015,1.4,0.4,1.5,MK,R,NA,NA,NA,0.5789473684210527,"recruitment,shrinkage"
4509,LTER4,BR,T01,Por,1.2,77,36,2014,2.9,1.7,1.3,MK,R,NA,NA,NA,0.41258741258741255,"recruitment,shrinkage"
4513,LTER4,BR,T01,Por,1.24,66,61,2015,1.1000000000000001,1.1000000000000001,1.6,MK,R,NA,NA,NA,0.95,"recruitment,shrinkage"
4522,LTER4,BR,T01,Por,1.28,82,72,2015,1.2,0.5,1,MK,R,NA,NA,NA,0.9,"recruitment,shrinkage"
4541,LTER4,BR,T01,Por,1.41,47,25,2015,1.7,0.6,1.4,MK,R,NA,NA,NA,0.47435897435897434,"recruitment,shrinkage"
4559,LTER4,BR,T01,Por,1.5,82,81,2014,2.6,2.2999999999999998,1.2,MK,R,NA,NA,NA,0.8970588235294119,"recruitment,shrinkage"
4565,LTER4,BR,T01,Por,1.53,65,59,2015,2.5,1.4,0.9,MK,R,NA,NA,NA,0.7619047619047619,"recruitment,shrinkage"
4568,LTER4,BR,T01,Por,1.54,52,40,2014,2.8,2.2999999999999998,2.5,MK,R,NA,NA,NA,0.8260869565217391,"recruitment,shrinkage"
4575,LTER4,BR,T01,Por,1.58,85,82,2014,2.7,1.4,0.8,MK,R,NA,NA,NA,0.7101449275362318,"recruitment,shrinkage"
4577,LTER4,BR,T01,Por,1.6,57,47,2016,1.3,1.1000000000000001,1.4,MK,R,NA,NA,NA,0.13768115942028988,"recruitment,shrinkage"
4580,LTER4,BR,T01,Por,1.61,70,81,2015,2.5,1.2,1,MK,R,NA,NA,NA,0.4351851851851852,"recruitment,shrinkage"
4634,LTER4,BR,T01,Por,2.3,23,10,2015,2.2000000000000002,1.1000000000000001,1,MK,R,NA,NA,NA,0.6515151515151516,"recruitment,shrinkage"
4637,LTER4,BR,T01,Por,2.32,25,10,2015,0.7,0.4,0.7,MK,R,NA,NA,NA,0.72,"recruitment,shrinkage"
4699,LTER4,BR,T01,Por,4.71,41,7,2014,2.5,1.2,2,MK,R,NA,NA,NA,0.35403726708074534,"recruitment,shrinkage"
4700,LTER4,BR,T01,Por,4.72,37,8,2014,3,0.8,2.8,MK,R,NA,NA,NA,0.7674418604651161,"recruitment,shrinkage"
4719,LTER4,BR,T01,Por,4.85,46,21,2014,2,0.8,1.3,MK,R,NA,NA,NA,0.5942028985507245,"recruitment,shrinkage"
4724,LTER4,BR,T01,Por,4.9,46,18,2015,2,0.7,1.3,MK,R,NA,NA,NA,0.4166666666666667,"recruitment,shrinkage"
4726,LTER4,BR,T01,Por,4.92,24,13,2015,1.9,1.2,1.3,MK,R,NA,NA,NA,0.9565217391304348,"recruitment,shrinkage"
4728,LTER4,BR,T01,Por,4.95,24,13,2015,0.6,0.3,1.1000000000000001,MK,R,NA,NA,NA,0.625,"recruitment,shrinkage"
4738,LTER4,BR,T02,Por,0.07,64,65,2015,1,1,1,CA,R,NA,NA,NA,0.1875,"recruitment,shrinkage"
4745,LTER4,BR,T02,Por,0.17,57,59,2015,3,3,3,CA,R,NA,NA,NA,0.9278350515463918,"recruitment,shrinkage"
4799,LTER4,BR,T02,Por,2.68,10,63,2016,0.5,2.2000000000000002,1.8,DC,R,NA,NA,NA,0.5555555555555555,"recruitment,shrinkage"
4801,LTER4,BR,T02,Por,2.7,19,60,2015,2,2.4,2.2000000000000002,CA,R,NA,NA,NA,0.942857142857143,"recruitment,shrinkage"
4805,LTER4,BR,T02,Por,2.75,25,80,2016,2.1,1.7,2.7,DC,R,NA,NA,NA,0.7303370786516854,"recruitment,shrinkage"
4807,LTER4,BR,T02,Por,2.81,36,64,2015,1.2,0.9,1,CA,R,NA,NA,NA,0.5166666666666667,"recruitment,shrinkage"
4808,LTER4,BR,T02,Por,2.82,15,62,2015,1.9,1.8,1,CA,R,NA,NA,NA,0.6714285714285715,"recruitment,shrinkage"
4809,LTER4,BR,T02,Por,2.84,24,61,2015,2,1.8,1.1000000000000001,CA,R,NA,NA,NA,0.7205882352941176,"recruitment,shrinkage"
4817,LTER4,BR,T02,Por,2.91,9,65,2014,3,1.5,2,HSL,R,NA,NA,NA,0.7222222222222222,"recruitment,shrinkage"
5035,LTER4,BR,T03,Por,1.22,43,5,2014,3,1.5,3,EW,R,NA,NA,NA,0.8823529411764706,"recruitment,shrinkage"
5044,LTER4,BR,T03,Por,1.3,64,11,2014,1.3,1.2,1,EW,R,NA,NA,NA,0.1674641148325359,"recruitment,shrinkage"
5047,LTER4,BR,T03,Por,1.32,45,18,2014,3,2,2.1,EW,R,NA,NA,NA,0.6761904761904761,"recruitment,shrinkage"
5049,LTER4,BR,T03,Por,1.33,42,20,2014,2,1.9,1.2,EW,R,NA,NA,NA,0.6375,"recruitment,shrinkage"
5056,LTER4,BR,T03,Por,1.43,34,16,2014,2.1,1.6,1,EW,R,NA,NA,NA,0.47,"recruitment,shrinkage"
5106,LTER4,BR,T03,Por,2,52,13,2014,2.4,2.5,1.2,EW,R,NA,NA,NA,0.7176470588235295,"recruitment,shrinkage"
5184,LTER4,BR,T04,Por,0.05,55,0,2015,2.2000000000000002,1.6,1.1000000000000001,CA,R,NA,NA,NA,0.22374429223744297,"recruitment,shrinkage"
5223,LTER4,BR,T04,Por,1.75,42,0,2016,0.6,1.7,2.2000000000000002,DC,R,NA,NA,NA,0.3982300884955752,"recruitment,shrinkage"
5256,LTER4,BR,T04,Por,2.2,67,55,2016,1.5,2,1.8,DC,R,NA,NA,NA,0.8833333333333333,"recruitment,shrinkage"
5509,LTER4,OR,T02,Poc,0.76,29,4,2014,0.5,0.5,0.2,EW,R-Fr,NA,NA,NA,0.07741935483870968,"recruitment,shrinkage"
6190,LTER5,BR,T01,Por,0.17,43,26,2014,2.2000000000000002,1.2,2.5,MK,R,NA,NA,NA,0.5959595959595961,"recruitment,shrinkage"
6190,LTER5,BR,T01,Por,0.17,43,26,2016,2.2000000000000002,0.9,1.5,MK,R,NA,NA,NA,0.3458646616541353,"recruitment,shrinkage"
6212,LTER5,BR,T01,Por,0.97,5,35,2016,0.8,0.4,0.6,MK,R,NA,NA,NA,0.10404624277456648,"recruitment,shrinkage"
6230,LTER5,BR,T01,Por,1.15,16,51,2015,1.3,0.6,1.1000000000000001,MK,R,NA,NA,NA,0.4166666666666667,"recruitment,shrinkage"
6231,LTER5,BR,T01,Por,1.15,19,48,2015,2.1,0.9,1.7,MK,R,NA,NA,NA,0.6911764705882354,"recruitment,shrinkage"
6235,LTER5,BR,T01,Por,1.18,17,50,2015,1.8,1.1000000000000001,1.4,MK,R,NA,NA,NA,0.843137254901961,"recruitment,shrinkage"
6240,LTER5,BR,T01,Por,1.21,41,15,2016,2.4,1.9,2.7,MK,R,NA,NA,NA,0.8860759493670886,"recruitment,shrinkage"
6258,LTER5,BR,T01,Por,1.31,43,27,2014,2.2999999999999998,1.6,2.4,MK,R,NA,NA,NA,0.7590361445783131,"recruitment,shrinkage"
6259,LTER5,BR,T01,Por,1.32,56,20,2015,1.2,0.5,1.4,MK,R,NA,NA,NA,0.596153846153846,"recruitment,shrinkage"
6263,LTER5,BR,T01,Por,1.33,61,31,2014,2.7,1.1000000000000001,2.5,MK,R,NA,NA,NA,0.6176470588235295,"recruitment,shrinkage"
6263,LTER5,BR,T01,Por,1.33,61,31,2016,1.8,0.7,1.1000000000000001,MK,R,NA,NA,NA,0.6923076923076923,"recruitment,shrinkage"
6271,LTER5,BR,T01,Por,1.36,1,55,2016,2.2000000000000002,1.8,2.6,MK,R,NA,NA,NA,0.2608695652173913,"recruitment,shrinkage"
6280,LTER5,BR,T01,Por,1.4,77,28,2015,1.4,1.3,1.8,MK,R,NA,NA,NA,0.9,"recruitment,shrinkage"
6286,LTER5,BR,T01,Por,1.43,59,51,2015,1.6,0.9,1.1000000000000001,MK,R,NA,NA,NA,0.18181818181818185,"recruitment,shrinkage"
6291,LTER5,BR,T01,Por,1.44,70,27,2015,1,0.3,1,MK,R,NA,NA,NA,0.2771084337349397,"recruitment,shrinkage"
6296,LTER5,BR,T01,Por,1.47,69,49,2015,3,2.2999999999999998,2.9,MK,R,NA,NA,NA,0.6029411764705882,"recruitment,shrinkage"
6299,LTER5,BR,T01,Por,1.48,87,38,2014,1.1000000000000001,0.5,0.8,MK,R,NA,NA,NA,0.3333333333333334,"recruitment,shrinkage"
6309,LTER5,BR,T01,Por,1.5,81,39,2014,1.7,1,2.5,MK,R,NA,NA,NA,0.8524590163934427,"recruitment,shrinkage"
6314,LTER5,BR,T01,Por,1.52,73,47,2016,2.1,1.6,2.2999999999999998,MK,R,NA,NA,NA,0.75,"recruitment,shrinkage"
6328,LTER5,BR,T01,Por,1.57,32,67,2015,1.7,1.5,1.7,MK,R,NA,NA,NA,0.8448275862068965,"recruitment,shrinkage"
6333,LTER5,BR,T01,Por,1.58,63,49,2014,2.5,2,0.8,MK,R,NA,NA,NA,0.5196078431372549,"recruitment,shrinkage"
6338,LTER5,BR,T01,Por,1.6,25,73,2014,0.9,0.4,0.4,MK,R,NA,NA,NA,0.20731707317073175,"recruitment,shrinkage"
6341,LTER5,BR,T01,Por,1.6,100,34,2015,2.5,2.4,2.6,MK,R,NA,NA,NA,0.872093023255814,"recruitment,shrinkage"
6347,LTER5,BR,T01,Por,1.65,4,97,2014,2.9,2,1.1000000000000001,MK,R,NA,NA,NA,0.8219178082191781,"recruitment,shrinkage"
6348,LTER5,BR,T01,Por,1.65,24,75,2014,1.3,0.5,0.9,MK,R,NA,NA,NA,0.31764705882352945,"recruitment,shrinkage"
6369,LTER5,BR,T01,Por,1.76,77,56,2015,2.9,1.9,3,MK,R,NA,NA,NA,0.7358490566037736,"recruitment,shrinkage"
6370,LTER5,BR,T01,Por,1.76,79,54,2015,1.7,0.6,1.2,MK,R,NA,NA,NA,0.5833333333333334,"recruitment,shrinkage"
6378,LTER5,BR,T01,Por,1.85,29,75,2014,2.8,1.8,2.2000000000000002,MK,R,NA,NA,NA,0.8395061728395062,"recruitment,shrinkage"
6378,LTER5,BR,T01,Por,1.85,29,75,2016,2.5,1.9,2.2999999999999998,MK,R,NA,NA,NA,0.8701298701298701,"recruitment,shrinkage"
6391,LTER5,BR,T01,Por,1.91,88,56,2014,1.4,1,1.8,MK,R,NA,NA,NA,0.4516129032258064,"recruitment,shrinkage"
6405,LTER5,BR,T01,Por,2.03,66,65,2016,1.8,0.9,2.2999999999999998,MK,R,NA,NA,NA,0.3448275862068966,"recruitment,shrinkage"
6427,LTER5,BR,T01,Por,2.48,31,78,2014,2.8,1.2,1.3,MK,R,NA,NA,NA,0.5247524752475247,"recruitment,shrinkage"
6443,LTER5,BR,T01,Por,2.68,28,64,2014,0.9,0.5,1,MK,R,NA,NA,NA,0.20512820512820512,"recruitment,shrinkage"
6452,LTER5,BR,T01,Por,2.9,19,69,2015,0.9,0.7,0.5,MK,R,NA,NA,NA,0.13461538461538464,"recruitment,shrinkage"
6493,LTER5,BR,T01,Por,4.05,40,3,2016,2.5,1.8,3,MK,R,NA,NA,NA,0.5934959349593496,"recruitment,shrinkage"
6518,LTER5,BR,T02,Por,0.25,72,13,2015,1.7,1.9,1.1000000000000001,CA,R,NA,NA,NA,0.9215686274509804,"recruitment,shrinkage"
6527,LTER5,BR,T02,Por,0.3,52,12.3,2016,2.5,1.2,1.3,DC,R,NA,NA,NA,0.44247787610619466,"recruitment,shrinkage"
6573,LTER5,BR,T02,Por,0.82,65,34,2016,3,2,1.9,DC,R,NA,NA,NA,0.3,"recruitment,shrinkage"
6595,LTER5,BR,T02,Por,1,53,35,2016,1.4,2.1,1.3,DC,R,NA,NA,NA,0.2553191489361702,"recruitment,shrinkage"
6616,LTER5,BR,T02,Por,1.35,29,40,2016,2,1.1000000000000001,1.6,DC,R,NA,NA,NA,0.3381294964028777,"recruitment,shrinkage"
6649,LTER5,BR,T02,Por,1.9,90,20,2016,1.4,2.1,2.8,DC,R,NA,NA,NA,0.6176470588235294,"recruitment,shrinkage"
6650,LTER5,BR,T02,Por,1.92,72,29,2014,2.2999999999999998,1.4,1,EW,R,NA,NA,NA,0.23499999999999996,"recruitment,shrinkage"
6653,LTER5,BR,T02,Por,1.95,71,30,2014,1.2,1,0.9,EW,R,NA,NA,NA,0.2066666666666667,"recruitment,shrinkage"
6657,LTER5,BR,T02,Por,2.03,64,22,2014,1.8,1.3,0.8,EW,R,NA,NA,NA,0.4875,"recruitment,shrinkage"
6659,LTER5,BR,T02,Por,2.04,67,27,2015,2.5,1.8,2.7,CA,R,NA,NA,NA,0.4545454545454546,"recruitment,shrinkage"
6676,LTER5,BR,T02,Por,2.39,96,26,2014,1.9,1.9,2.6,EW,R,NA,NA,NA,0.8533333333333334,"recruitment,shrinkage"
6718,LTER5,BR,T03,Por,0.36,82,80,2016,2,2,1,HSL,R,NA,NA,NA,0.211864406779661,"recruitment,shrinkage"
6748,LTER5,BR,T03,Por,1.09,86,21,2015,2,2,1,HSL,R,NA,NA,NA,0.6329113924050632,"recruitment,shrinkage"
6759,LTER5,BR,T03,Por,1.15,25,42,2016,2,1.8,0.5,HSL,R,NA,NA,NA,0.2457142857142857,"recruitment,shrinkage"
6804,LTER5,BR,T03,Por,3.29,5,45,2015,7,5,3,HSL,R,NA,NA,NA,0.43859649122807015,"recruitment,shrinkage"
1190,LTER1,BR,T04,Por,3.45,100,5,2017,10.8,8.3000000000000007,2.2999999999999998,RH,Ed,NA,NA,NA,0.8594377510040162,"shrinkage,edge"
1211,LTER1,BR,T04,Por,4.46,2,67,2015,4.0999999999999996,6.1,10.6,CA,Ed,NA,NA,NA,0.6819672131147541,"shrinkage,edge"
3125,LTER2,OR,T01,Poc,0,99,4,2015,8.4,7.9,7.2,CA,Ed,NA,NA,NA,0.6676136363636364,"shrinkage,edge"
3222,LTER2,OR,T01,Por,0.86,99,4,2015,5.5,2.6,3.7,CA,Ed,NA,NA,NA,0.8939393939393939,"shrinkage,edge"
3551,LTER2,OR,T04,Poc,0.62,0,4,2015,3.1,2.2999999999999998,2.9,MK,Ed,NA,NA,NA,0.8217821782178218,"shrinkage,edge"
4908,LTER4,BR,T02,Por,4.4,92,70,2015,32,21,43,CA,Ed,NA,NA,NA,0.518918918918919,"shrinkage,edge"
5307,LTER4,BR,T04,Por,5,30,40,2015,48,64,52,CA,Ed,NA,NA,NA,0.5,"shrinkage,edge"
5427,LTER4,OR,T01,Acr,4.2,78,15,2016,3.7,3,0.8,MK,Ed,NA,NA,NA,0.8620689655172414,"shrinkage,edge"
6320,LTER5,BR,T01,Por,1.55,0,77,2015,39.799999999999997,17.600000000000001,28.9,MK,Ed,NA,NA,NA,0.8734817813765181,"shrinkage,edge"
6446,LTER5,BR,T01,Por,2.72,6,83,2015,28,19,13.3,MK,Ed,NA,NA,NA,0.6836734693877551,"shrinkage,edge"
6565,LTER5,BR,T02,Por,0.74,98,30,2015,5.6,5.7,7.9,CA,Ed,NA,NA,NA,0.9365853658536588,"shrinkage,edge"
6565,LTER5,BR,T02,Por,0.74,98,30,2016,6,6.7,5.4,DC,Ed,NA,NA,NA,0.9427083333333331,"shrinkage,edge"
6689,LTER5,BR,T02,Poc,3.7,91,40,2015,35.6,31,28.5,CA,Ed,NA,NA,NA,0.879740980573543,"shrinkage,edge"
6703,LTER5,BR,T02,Por,4.34,92,35,2016,8.8000000000000007,8.6999999999999993,13,DC,Ed,NA,NA,NA,0.6367432150313153,"shrinkage,edge"
7429,LTER5,OR,T03,Poc,1,65,5,2015,3.5,2,2.2999999999999998,MK,Ed,NA,NA,NA,0.6842105263157894,"shrinkage,edge"
